
INSERT INTO  "Production".ProductColors (ProductColor, Description) VALUES ('0B', 'Aquamarine');
INSERT INTO  "Production".ProductColors (ProductColor, Description) VALUES ('0D', 'Indigo');
INSERT INTO  "Production".ProductColors (ProductColor, Description) VALUES ('0N', 'Olive');
INSERT INTO  "Production".ProductColors (ProductColor, Description) VALUES ('1C', 'Amethyst');
INSERT INTO  "Production".ProductColors (ProductColor, Description) VALUES ('1Q', 'Green');
INSERT INTO  "Production".ProductColors (ProductColor, Description) VALUES ('2A', 'Spring bud');
INSERT INTO  "Production".ProductColors (ProductColor, Description) VALUES ('2N', 'Taupe-Teal');
INSERT INTO  "Production".ProductColors (ProductColor, Description) VALUES ('X8', 'Violet');
INSERT INTO  "Production".ProductColors (ProductColor, Description) VALUES ('3L', 'Orchid');
INSERT INTO  "Production".ProductColors (ProductColor, Description) VALUES ('4V', 'Crimson');
INSERT INTO  "Production".ProductColors (ProductColor, Description) VALUES ('5D', 'Amaranth');
INSERT INTO  "Production".ProductColors (ProductColor, Description) VALUES ('5G', 'Amber');
INSERT INTO  "Production".ProductColors (ProductColor, Description) VALUES ('R1', 'Electric blue');
INSERT INTO  "Production".ProductColors (ProductColor, Description) VALUES ('7E', 'Rose');
INSERT INTO  "Production".ProductColors (ProductColor, Description) VALUES ('8K', 'Erin');
INSERT INTO  "Production".ProductColors (ProductColor, Description) VALUES ('8P', 'Magenta rose');
INSERT INTO  "Production".ProductColors (ProductColor, Description) VALUES ('AT', 'Peach-Pear');
INSERT INTO  "Production".ProductColors (ProductColor, Description) VALUES ('BN', 'Plum');
INSERT INTO  "Production".ProductColors (ProductColor, Description) VALUES ('CT', 'Cobalt-blue');
INSERT INTO  "Production".ProductColors (ProductColor, Description) VALUES ('CX', 'Coffee');
INSERT INTO  "Production".ProductColors (ProductColor, Description) VALUES ('D0', 'Silver');
INSERT INTO  "Production".ProductColors (ProductColor, Description) VALUES ('D6', 'Blush');
INSERT INTO  "Production".ProductColors (ProductColor, Description) VALUES ('DW', 'Blue-green');
INSERT INTO  "Production".ProductColors (ProductColor, Description) VALUES ('E5', 'Cerise');
INSERT INTO  "Production".ProductColors (ProductColor, Description) VALUES ('EM', 'Cerulean');
INSERT INTO  "Production".ProductColors (ProductColor, Description) VALUES ('F2', 'White');
INSERT INTO  "Production".ProductColors (ProductColor, Description) VALUES ('GF', 'Carmine');
INSERT INTO  "Production".ProductColors (ProductColor, Description) VALUES ('HO', 'Scarlet');
INSERT INTO  "Production".ProductColors (ProductColor, Description) VALUES ('I6', 'Gold');
INSERT INTO  "Production".ProductColors (ProductColor, Description) VALUES ('IC', 'Bronze');
INSERT INTO  "Production".ProductColors (ProductColor, Description) VALUES ('JT', 'Azure');
INSERT INTO  "Production".ProductColors (ProductColor, Description) VALUES ('LY', 'Burgundy');
INSERT INTO  "Production".ProductColors (ProductColor, Description) VALUES ('ML', 'Yellow');
INSERT INTO  "Production".ProductColors (ProductColor, Description) VALUES ('N8', 'Desert-sand');
INSERT INTO  "Production".ProductColors (ProductColor, Description) VALUES ('NS', 'Chartreuse-gree');
INSERT INTO  "Production".ProductColors (ProductColor, Description) VALUES ('P5', 'Gray');
INSERT INTO  "Production".ProductColors (ProductColor, Description) VALUES ('PF', 'Coral');
INSERT INTO  "Production".ProductColors (ProductColor, Description) VALUES ('QF', 'Pink');
INSERT INTO  "Production".ProductColors (ProductColor, Description) VALUES ('QZ', 'Ruby');
INSERT INTO  "Production".ProductColors (ProductColor, Description) VALUES ('RZ', 'Salmon');
INSERT INTO  "Production".ProductColors (ProductColor, Description) VALUES ('SP', 'Slate-gray');
INSERT INTO  "Production".ProductColors (ProductColor, Description) VALUES ('SQ', 'Lime');
INSERT INTO  "Production".ProductColors (ProductColor, Description) VALUES ('TK', 'Black');
INSERT INTO  "Production".ProductColors (ProductColor, Description) VALUES ('UK', 'Harlequin');
INSERT INTO  "Production".ProductColors (ProductColor, Description) VALUES ('UM', 'Beige');
INSERT INTO  "Production".ProductColors (ProductColor, Description) VALUES ('UR', 'Blue');
INSERT INTO  "Production".ProductColors (ProductColor, Description) VALUES ('W2', 'Ivory');
INSERT INTO  "Production".ProductColors (ProductColor, Description) VALUES ('X7', 'Baby-blue');
INSERT INTO  "Production".ProductColors (ProductColor, Description) VALUES ('XC', 'Tan');
INSERT INTO  "Production".ProductColors (ProductColor, Description) VALUES ('YN', 'Red');
INSERT INTO  "Production".ProductColors (ProductColor, Description) VALUES ('YZ', 'Jungle green');
INSERT INTO  "Production".ProductColors (ProductColor, Description) VALUES ('Z7', 'Copper');
INSERT INTO  "Production".ProductColors (ProductColor, Description) VALUES ('ZH', 'Orange');



INSERT INTO  "Production".Productsizes (Productsize, Description) VALUES ('XS','Extra_Small');
INSERT INTO  "Production".Productsizes (Productsize, Description) VALUES ('S', 'Small');
INSERT INTO  "Production".Productsizes (Productsize, Description) VALUES ('M', 'Medium');
INSERT INTO  "Production".Productsizes (Productsize, Description) VALUES ('B', 'Big');
INSERT INTO  "Production".Productsizes (Productsize, Description) VALUES ('N', 'Normal');
INSERT INTO  "Production".Productsizes (Productsize, Description) VALUES ('U', 'Unisize');


INSERT  INTO "Production".CategoryProducts (ProductCategory, CategoryName) VALUES ('AM', 'Emergency lights');
INSERT  INTO "Production".CategoryProducts (ProductCategory, CategoryName) VALUES ('AW', 'Car Engines');
INSERT  INTO "Production".CategoryProducts (ProductCategory, CategoryName) VALUES ('AZ', 'Sensors');
INSERT  INTO "Production".CategoryProducts (ProductCategory, CategoryName) VALUES ('BG', 'Rear-view mirror');
INSERT  INTO "Production".CategoryProducts (ProductCategory, CategoryName) VALUES ('BL', 'Car Lights Instrument');
INSERT  INTO "Production".CategoryProducts (ProductCategory, CategoryName) VALUES ('BP', 'Side Lights');
INSERT  INTO "Production".CategoryProducts (ProductCategory, CategoryName) VALUES ('BW', 'Angel Eyes Lights');
INSERT  INTO "Production".CategoryProducts (ProductCategory, CategoryName) VALUES ('CI', 'Audio');
INSERT  INTO "Production".CategoryProducts (ProductCategory, CategoryName) VALUES ('CM', 'Fuses');
INSERT  INTO "Production".CategoryProducts (ProductCategory, CategoryName) VALUES ('CO', 'Car Armrest');
INSERT  INTO "Production".CategoryProducts (ProductCategory, CategoryName) VALUES ('E5', 'Addressing');
INSERT  INTO "Production".CategoryProducts (ProductCategory, CategoryName) VALUES ('EG', 'Hoops');
INSERT  INTO "Production".CategoryProducts (ProductCategory, CategoryName) VALUES ('EH', 'Seat covers');
INSERT  INTO "Production".CategoryProducts (ProductCategory, CategoryName) VALUES ('EZ', 'Engines');
INSERT  INTO "Production".CategoryProducts (ProductCategory, CategoryName) VALUES ('FE', 'Alternators');
INSERT  INTO "Production".CategoryProducts (ProductCategory, CategoryName) VALUES ('FQ', 'Car Oils');
INSERT  INTO "Production".CategoryProducts (ProductCategory, CategoryName) VALUES ('GZ', 'Radiator');
INSERT  INTO "Production".CategoryProducts (ProductCategory, CategoryName) VALUES ('HO', 'Security alarms');
INSERT  INTO "Production".CategoryProducts (ProductCategory, CategoryName) VALUES ('HW', 'Steering Wheel Cover');
INSERT  INTO "Production".CategoryProducts (ProductCategory, CategoryName) VALUES ('IG', 'Tire');
INSERT  INTO "Production".CategoryProducts (ProductCategory, CategoryName) VALUES ('JH', 'Suspension');
INSERT  INTO "Production".CategoryProducts (ProductCategory, CategoryName) VALUES ('KB', 'Switches');
INSERT  INTO "Production".CategoryProducts (ProductCategory, CategoryName) VALUES ('KZ', 'Air bags');
INSERT  INTO "Production".CategoryProducts (ProductCategory, CategoryName) VALUES ('LO', 'Floor mats');
INSERT  INTO "Production".CategoryProducts (ProductCategory, CategoryName) VALUES ('MO', 'Reading Lights');
INSERT  INTO "Production".CategoryProducts (ProductCategory, CategoryName) VALUES ('MT', 'Distribution system');
INSERT  INTO "Production".CategoryProducts (ProductCategory, CategoryName) VALUES ('MV', 'Transistors');
INSERT  INTO "Production".CategoryProducts (ProductCategory, CategoryName) VALUES ('NB', 'Brake Accessories');
INSERT  INTO "Production".CategoryProducts (ProductCategory, CategoryName) VALUES ('NQ', 'Inflatable Pump');
INSERT  INTO "Production".CategoryProducts (ProductCategory, CategoryName) VALUES ('NW', 'Snow Chains');
INSERT  INTO "Production".CategoryProducts (ProductCategory, CategoryName) VALUES ('OJ', 'Lights for feet');
INSERT  INTO "Production".CategoryProducts (ProductCategory, CategoryName) VALUES ('OZ', 'Fog lights');
INSERT  INTO "Production".CategoryProducts (ProductCategory, CategoryName) VALUES ('PR', 'Lock');
INSERT  INTO "Production".CategoryProducts (ProductCategory, CategoryName) VALUES ('PX', 'Car handles');
INSERT  INTO "Production".CategoryProducts (ProductCategory, CategoryName) VALUES ('QE', 'Rear lights');
INSERT  INTO "Production".CategoryProducts (ProductCategory, CategoryName) VALUES ('QG', 'Feeding system');
INSERT  INTO "Production".CategoryProducts (ProductCategory, CategoryName) VALUES ('QQ', 'Cooling system');
INSERT  INTO "Production".CategoryProducts (ProductCategory, CategoryName) VALUES ('QY', 'Diagnostic Tools');
INSERT  INTO "Production".CategoryProducts (ProductCategory, CategoryName) VALUES ('RP', 'Lighting System');
INSERT  INTO "Production".CategoryProducts (ProductCategory, CategoryName) VALUES ('S7', 'Transmission');
INSERT  INTO "Production".CategoryProducts (ProductCategory, CategoryName) VALUES ('SW', 'Storage Bags');
INSERT  INTO "Production".CategoryProducts (ProductCategory, CategoryName) VALUES ('SZ', 'Seat Belt');
INSERT  INTO "Production".CategoryProducts (ProductCategory, CategoryName) VALUES ('TB', 'Handlebars for Motorcycle');
INSERT  INTO "Production".CategoryProducts (ProductCategory, CategoryName) VALUES ('TO', 'Batteries');
INSERT  INTO "Production".CategoryProducts (ProductCategory, CategoryName) VALUES ('TV', 'Trunk');
INSERT  INTO "Production".CategoryProducts (ProductCategory, CategoryName) VALUES ('TZ', 'Brake lights');
INSERT  INTO "Production".CategoryProducts (ProductCategory, CategoryName) VALUES ('UU', 'Air filter');
INSERT  INTO "Production".CategoryProducts (ProductCategory, CategoryName) VALUES ('UZ', 'Top trunk');
INSERT  INTO "Production".CategoryProducts (ProductCategory, CategoryName) VALUES ('VG', 'Wiper washer');
INSERT  INTO "Production".CategoryProducts (ProductCategory, CategoryName) VALUES ('WE', 'Auxiliary Radiator Tank');
INSERT  INTO "Production".CategoryProducts (ProductCategory, CategoryName) VALUES ('XZ', 'Chassis');
INSERT  INTO "Production".CategoryProducts (ProductCategory, CategoryName) VALUES ('YM', 'Exhaust Systems');
INSERT  INTO "Production".CategoryProducts (ProductCategory, CategoryName) VALUES ('YU', 'Brakes');
INSERT  INTO "Production".CategoryProducts (ProductCategory, CategoryName) VALUES ('ZA', 'Car Door Lights');
INSERT  INTO "Production".CategoryProducts (ProductCategory, CategoryName) VALUES ('ZB', 'Coils');
INSERT  INTO "Production".CategoryProducts (ProductCategory, CategoryName) VALUES ('ZC', 'Gearshift knob');
INSERT  INTO "Production".CategoryProducts (ProductCategory, CategoryName) VALUES ('ZE', 'License plate lights');
INSERT  INTO "Production".CategoryProducts (ProductCategory, CategoryName) VALUES ('ZF', 'Reverse Lights');
INSERT  INTO "Production".CategoryProducts (ProductCategory, CategoryName) VALUES ('ZG', 'Hubcap');
INSERT  INTO "Production".CategoryProducts (ProductCategory, CategoryName) VALUES ('ZI', 'Bodywork');
INSERT  INTO "Production".CategoryProducts (ProductCategory, CategoryName) VALUES ('ZM', 'Motorcycle Footpegs');
INSERT  INTO "Production".CategoryProducts (ProductCategory, CategoryName) VALUES ('ZP', 'Start System');
INSERT  INTO "Production".CategoryProducts (ProductCategory, CategoryName) VALUES ('ZU', 'Deposit Bags and Saddlebags');
INSERT  INTO "Production".CategoryProducts (ProductCategory, CategoryName) VALUES ('ZV', 'Radiator cover');
INSERT  INTO "Production".CategoryProducts (ProductCategory, CategoryName) VALUES ('ZW', 'Dashboard');
INSERT  INTO "Production".CategoryProducts (ProductCategory, CategoryName) VALUES ('ZX', 'Bumper');
INSERT  INTO "Production".CategoryProducts (ProductCategory, CategoryName) VALUES ('ZY', 'Motorcycle Oils');
INSERT  INTO "Production".CategoryProducts (ProductCategory, CategoryName) VALUES ('ZZ', 'Charging System');


INSERT  INTO "Production".Products (ProductId, ProductName, ProductCategory, ProductSize, ProductColor, Description) VALUES ('Z1IZ1E', 'spectre Bumper kit', 'ZX', 'B', 'D6', '');
INSERT  INTO "Production".Products (ProductId, ProductName, ProductCategory, ProductSize, ProductColor, Description) VALUES ('NGOS9P', 'AURO Bumper Replacement', 'ZX', 'B', 'TK', '');
INSERT  INTO "Production".Products (ProductId, ProductName, ProductCategory, ProductSize, ProductColor, Description) VALUES ('3LVEF8', 'Kool Vue Power Mirror', 'BG', 'M', '1C', ' Passenger Side, Non-Folding, Heated, 2 Caps Paintable & Textured Black');
INSERT  INTO "Production".Products (ProductId, ProductName, ProductCategory, ProductSize, ProductColor, Description) VALUES ('POVEN8', 'Kool Vue Power Mirror', 'BG', 'M', '1C', 'Driver and Passenger Side, Non-Folding, Heated, 4 Caps Paintable & Textured Black');
INSERT  INTO "Production".Products (ProductId, ProductName, ProductCategory, ProductSize, ProductColor, Description) VALUES ('L83F1H', 'Crown  Door Mirror Trim Ring', 'BG', 'M', 'UM', '');
INSERT  INTO "Production".Products (ProductId, ProductName, ProductCategory, ProductSize, ProductColor, Description) VALUES ('XEV38J', 'AC Delco Interior Rear View Mirror  connector', 'BG', 'N', 'RZ', '');
INSERT  INTO "Production".Products (ProductId, ProductName, ProductCategory, ProductSize, ProductColor, Description) VALUES ('MFIW05', 'Kool Vue Mirror Glass - C -', 'BG', 'B', 'UR', ' Driver Side, Non-Heated, Without Turn Signal Light, Without Blind Spot Feature, Direct Fit');
INSERT  INTO "Production".Products (ProductId, ProductName, ProductCategory, ProductSize, ProductColor, Description) VALUES ('80CL95', 'Kool Vue Mirror Glass  - ', 'BG', 'B', 'CX', 'Passenger Side, Heated, With Turn Signal Light, Without Blind Spot Feature, Direct Fit, Sold Individually');
INSERT  INTO "Production".Products (ProductId, ProductName, ProductCategory, ProductSize, ProductColor, Description) VALUES ('K6BOII', 'Replacement Parking Light  ', 'AM', 'N', 'LY', 'Passenger Side, Clear & Amber Lens, Without bulb(s), Direct Fit, DOT/SAE Compliant');
INSERT  INTO "Production".Products (ProductId, ProductName, ProductCategory, ProductSize, ProductColor, Description) VALUES ('15GPOF', 'IPCW CWB- Bumper Light - Clear Lens, Direct Fit', 'AM', 'XS', 'XC', '');
INSERT  INTO "Production".Products (ProductId, ProductName, ProductCategory, ProductSize, ProductColor, Description) VALUES ('SY6CSV', 'Motorcraft WPT- Back Up Light Connector', 'AM', 'B', 'AT', '');
INSERT  INTO "Production".Products (ProductId, ProductName, ProductCategory, ProductSize, ProductColor, Description) VALUES ('QC4OHX', 'Adelco replacement car engine', 'AW', 'B', 'P5', '');
INSERT  INTO "Production".Products (ProductId, ProductName, ProductCategory, ProductSize, ProductColor, Description) VALUES ('4SQTR3', 'Omix Car engine', 'AW', 'N', 'N8', '');
INSERT  INTO "Production".Products (ProductId, ProductName, ProductCategory, ProductSize, ProductColor, Description) VALUES ('G7X4WC', 'Kool vue car engine', 'AW', 'S', 'R1', '');
INSERT  INTO "Production".Products (ProductId, ProductName, ProductCategory, ProductSize, ProductColor, Description) VALUES ('2V4PV1', 'Kool vue proximity sensor', 'AZ', 'U', '0B', '');
INSERT  INTO "Production".Products (ProductId, ProductName, ProductCategory, ProductSize, ProductColor, Description) VALUES ('45VEZ7', 'Kool vue oxygen sensor', 'AZ', 'M', 'HO', '');
INSERT  INTO "Production".Products (ProductId, ProductName, ProductCategory, ProductSize, ProductColor, Description) VALUES ('128KJX', 'Adelco Car lights instrument', 'BL', 'XS', 'ZH', '');
INSERT  INTO "Production".Products (ProductId, ProductName, ProductCategory, ProductSize, ProductColor, Description) VALUES ('3XEUNU', 'Cornel car lights instrument', 'BL', 'N', 'SP', '');
INSERT  INTO "Production".Products (ProductId, ProductName, ProductCategory, ProductSize, ProductColor, Description) VALUES ('6YZV4V', 'Replacement Halogen Fog Light -', 'OZ', 'M', '5D', 'Front, Driver or Passenger Side, Direct Fit, With bulb(s), Clear Lens, DOT/SAE Compliant, Sold Individually');
INSERT  INTO "Production".Products (ProductId, ProductName, ProductCategory, ProductSize, ProductColor, Description) VALUES ('15DB0I', 'Crown A Fog Light Bezel', 'OZ', 'XS', 'QZ', '');
INSERT  INTO "Production".Products (ProductId, ProductName, ProductCategory, ProductSize, ProductColor, Description) VALUES ('2KOX36', 'Replacement Fog Light Bracket - ', 'OZ', 'M', 'R1', 'Drive and Passenger Side, Steel, Direct Fit');
INSERT  INTO "Production".Products (ProductId, ProductName, ProductCategory, ProductSize, ProductColor, Description) VALUES ('58XI0V', 'SOFFSEAL SIDE Lights', 'BL', 'S', 'LY', '');
INSERT  INTO "Production".Products (ProductId, ProductName, ProductCategory, ProductSize, ProductColor, Description) VALUES ('GW9DL0', 'Berlyn SIDE lights', 'BL', 'S', 'XC', '');
INSERT  INTO "Production".Products (ProductId, ProductName, ProductCategory, ProductSize, ProductColor, Description) VALUES ('I766YL', 'SOFFSEAL  Radiator Core Support Seal', 'GZ', 'S', 'X7', '');
INSERT  INTO "Production".Products (ProductId, ProductName, ProductCategory, ProductSize, ProductColor, Description) VALUES ('V48M00', 'Replacement REP Radiator Support Bracket - Direct Fit', 'GZ', 'B', 'W2', '');
INSERT  INTO "Production".Products (ProductId, ProductName, ProductCategory, ProductSize, ProductColor, Description) VALUES ('XUN58H', 'Replacement Radiator Support Assembly  - Direct Fit, Steel', 'GZ', 'S', 'F2', '');
INSERT  INTO "Production".Products (ProductId, ProductName, ProductCategory, ProductSize, ProductColor, Description) VALUES ('4CU0O6', 'Bosch Battery for Stabilization of Vehicle Power Supply 12V 12AH - Replaces OE Number ', 'TO', 'N', 'AT', '');
INSERT  INTO "Production".Products (ProductId, ProductName, ProductCategory, ProductSize, ProductColor, Description) VALUES ('R3X8WQ', 'Autospecialty By Powerstop  Stock Replacement Plain Surface Brake Disc and Pad Kit', 'YU', 'U', 'R1', ' 4-wheel set - Front and Rear');
INSERT  INTO "Production".Products (ProductId, ProductName, ProductCategory, ProductSize, ProductColor, Description) VALUES ('WIIW8P', 'A1 Cardone Axle Assembly - ', 'XZ', 'XS', 'ML', 'Direct Fit Remanufactured Front Driver Side, Sold Individually');
INSERT  INTO "Production".Products (ProductId, ProductName, ProductCategory, ProductSize, ProductColor, Description) VALUES ('ZMQYIX', 'Replacement REPHorn - Direct Fit', 'XZ', 'S', 'CX', '');
INSERT  INTO "Production".Products (ProductId, ProductName, ProductCategory, ProductSize, ProductColor, Description) VALUES ('T8JLL7', 'Replacement Trunk Lid, Tail Light and Bumper Cover Kit -C -', 'TV', 'U', 'UM', ' Direct Fit, Primed');
INSERT  INTO "Production".Products (ProductId, ProductName, ProductCategory, ProductSize, ProductColor, Description) VALUES ('EP2EYT', 'Replacement Trunk Lid - -', 'TV', 'B', '2A', ' Direct Fit, Primed');
INSERT  INTO "Production".Products (ProductId, ProductName, ProductCategory, ProductSize, ProductColor, Description) VALUES ('IE38R5', 'Replacement RC  Top Trunk - Direct Fit', 'UZ', 'S', 'SQ', '');
INSERT  INTO "Production".Products (ProductId, ProductName, ProductCategory, ProductSize, ProductColor, Description) VALUES ('1E9B3Q', 'Dorman Hub CapXZ - ', 'ZG', 'S', 'D0', 'Gray, Plastic, Direct Fit, Sold Individually');
INSERT  INTO "Production".Products (ProductId, ProductName, ProductCategory, ProductSize, ProductColor, Description) VALUES ('OXC5IS', 'Dorman Hub Cap - ', 'ZG', 'U', 'AT', 'Brushed Aluminum, Plastic, Direct Fit, Sold Individually');
INSERT  INTO "Production".Products (ProductId, ProductName, ProductCategory, ProductSize, ProductColor, Description) VALUES ('HC1IGK', 'Omix DMC-2A Body Tub - Direct Fit', 'ZI', 'M', 'D6', '');
INSERT  INTO "Production".Products (ProductId, ProductName, ProductCategory, ProductSize, ProductColor, Description) VALUES ('DGGGAR', 'Omix Bodywork XZS', 'ZI', 'U', 'R1', '');
INSERT  INTO "Production".Products (ProductId, ProductName, ProductCategory, ProductSize, ProductColor, Description) VALUES ('PZ5VYR', 'Replacement RCA Lock', 'PR', 'U', 'AT', '');
INSERT  INTO "Production".Products (ProductId, ProductName, ProductCategory, ProductSize, ProductColor, Description) VALUES ('BGVZ8C', 'Replacement Door Lock Actuator - Direct Fit', 'PR', 'U', '1C', '');
INSERT  INTO "Production".Products (ProductId, ProductName, ProductCategory, ProductSize, ProductColor, Description) VALUES ('GAIR8V', 'Dorman coils replacement', 'ZB', 'U', 'QF', '');
INSERT  INTO "Production".Products (ProductId, ProductName, ProductCategory, ProductSize, ProductColor, Description) VALUES ('6IADGA', 'Replacement  Ignition Coil - ', 'ZB', 'N', 'AT', 'Coil pack design, 2-Prong Terminal, Direct Fit, Sold Individually');
INSERT  INTO "Production".Products (ProductId, ProductName, ProductCategory, ProductSize, ProductColor, Description) VALUES ('EQDID2', 'Dorman Dash Knob Kit - Direct Fit', 'ZW', 'M', 'PF', '');
INSERT  INTO "Production".Products (ProductId, ProductName, ProductCategory, ProductSize, ProductColor, Description) VALUES ('XU0KSW', 'Dorman Basic Replacement', 'ZW', 'N', 'ZH', '');
INSERT  INTO "Production".Products (ProductId, ProductName, ProductCategory, ProductSize, ProductColor, Description) VALUES ('99LNN2', 'Purolator Motorcycle oil', 'ZY', 'N', 'YZ', '');
INSERT  INTO "Production".Products (ProductId, ProductName, ProductCategory, ProductSize, ProductColor, Description) VALUES ('7MK5SY', 'Dorman ZX Motorcycle oil', 'ZY', 'XS', 'ML', '');
INSERT  INTO "Production".Products (ProductId, ProductName, ProductCategory, ProductSize, ProductColor, Description) VALUES ('S3XOTM', 'Omix Charging system', 'ZZ', 'M', 'ML', '');
INSERT  INTO "Production".Products (ProductId, ProductName, ProductCategory, ProductSize, ProductColor, Description) VALUES ('N8QQGA', 'Replacement Radiator Support Cover', 'ZV', 'U', 'CX', '');
INSERT  INTO "Production".Products (ProductId, ProductName, ProductCategory, ProductSize, ProductColor, Description) VALUES ('V1QD4Y', 'Omix Radiator Cover replacement', 'ZV', 'B', '7E', '');
INSERT  INTO "Production".Products (ProductId, ProductName, ProductCategory, ProductSize, ProductColor, Description) VALUES ('6OW9IJ', 'A&E Start System replacement', 'ZP', 'XS', 'BN', '');
INSERT  INTO "Production".Products (ProductId, ProductName, ProductCategory, ProductSize, ProductColor, Description) VALUES ('97EWE5', 'Dorman Start System', 'ZP', 'XS', '8K', '');
INSERT  INTO "Production".Products (ProductId, ProductName, ProductCategory, ProductSize, ProductColor, Description) VALUES ('QOMIBG', 'APW Deposit Bags Kit', 'ZU', 'XS', 'JT', '');
INSERT  INTO "Production".Products (ProductId, ProductName, ProductCategory, ProductSize, ProductColor, Description) VALUES ('HKFQVS', 'Premiun Kit Saddlebags replacement', 'ZU', 'N', 'SQ', '');
INSERT  INTO "Production".Products (ProductId, ProductName, ProductCategory, ProductSize, ProductColor, Description) VALUES ('XO9IQQ', 'OMEN Reverse lights', 'ZF', 'N', 'ZH', '');
INSERT  INTO "Production".Products (ProductId, ProductName, ProductCategory, ProductSize, ProductColor, Description) VALUES ('F5P3S8', 'Fate Replacement reverse lights', 'ZF', 'U', 'CX', '');
INSERT  INTO "Production".Products (ProductId, ProductName, ProductCategory, ProductSize, ProductColor, Description) VALUES ('C0TAIE', 'Venturion Lincese plate lights replacement', 'ZE', 'B', '2N', '');
INSERT  INTO "Production".Products (ProductId, ProductName, ProductCategory, ProductSize, ProductColor, Description) VALUES ('UDI8QJ', 'Artic Replacement Lincese plate lights', 'ZE', 'U', '5G', '');
INSERT  INTO "Production".Products (ProductId, ProductName, ProductCategory, ProductSize, ProductColor, Description) VALUES ('XLZHXM', 'Brawler gearshift knob ', 'ZC', 'N', 'QZ', '');
INSERT  INTO "Production".Products (ProductId, ProductName, ProductCategory, ProductSize, ProductColor, Description) VALUES ('TI9ASI', 'Crimson Gearshift Knob', 'ZC', 'N', 'UK', '');
INSERT  INTO "Production".Products (ProductId, ProductName, ProductCategory, ProductSize, ProductColor, Description) VALUES ('QRQ14M', 'Garrison Exhaust System Kit', 'YM', 'U', 'AT', '');
INSERT  INTO "Production".Products (ProductId, ProductName, ProductCategory, ProductSize, ProductColor, Description) VALUES ('SWWO9R', 'Grill  Exhaust System replacement', 'YM', 'M', 'IC', '');
INSERT  INTO "Production".Products (ProductId, ProductName, ProductCategory, ProductSize, ProductColor, Description) VALUES ('TSRJUI', 'OPS Motorcycle Footpegs', 'ZM', 'B', 'N8', '');
INSERT  INTO "Production".Products (ProductId, ProductName, ProductCategory, ProductSize, ProductColor, Description) VALUES ('J5O1M1', 'Ranger Pack Motorcycle Footpegs', 'ZM', 'B', 'UM', '');
INSERT  INTO "Production".Products (ProductId, ProductName, ProductCategory, ProductSize, ProductColor, Description) VALUES ('ABJ2TC', 'NITELITE Car door Ligths Pack', 'ZA', 'N', 'ZH', '');
INSERT  INTO "Production".Products (ProductId, ProductName, ProductCategory, ProductSize, ProductColor, Description) VALUES ('LFUYC6', 'NOG Premium Car door Ligths', 'ZA', 'XS', 'N8', '');
INSERT  INTO "Production".Products (ProductId, ProductName, ProductCategory, ProductSize, ProductColor, Description) VALUES ('O7AZ7J', 'RECON Auxiliary Radiator Tank', 'WE', 'S', 'QZ', '');
INSERT  INTO "Production".Products (ProductId, ProductName, ProductCategory, ProductSize, ProductColor, Description) VALUES ('EIEK41', 'Specialist Bermon Auxiliary Radiator tank replacement', 'WE', 'U', 'F2', '');
INSERT  INTO "Production".Products (ProductId, ProductName, ProductCategory, ProductSize, ProductColor, Description) VALUES ('1CG3RX', 'Yuletide Wiper Washer', 'VG', 'U', 'PF', '');
INSERT  INTO "Production".Products (ProductId, ProductName, ProductCategory, ProductSize, ProductColor, Description) VALUES ('CUSH1G', 'Plashtower  wiper Washer', 'VG', 'N', 'DW', '');
INSERT  INTO "Production".Products (ProductId, ProductName, ProductCategory, ProductSize, ProductColor, Description) VALUES ('BGJO4H', 'Tracker Air Filter Replacement', 'UU', 'N', 'UR', '');
INSERT  INTO "Production".Products (ProductId, ProductName, ProductCategory, ProductSize, ProductColor, Description) VALUES ('LJ4YX1', 'DW Air Filter Pack', 'UU', 'B', 'D0', '');
INSERT  INTO "Production".Products (ProductId, ProductName, ProductCategory, ProductSize, ProductColor, Description) VALUES ('NQWH1G', 'SGT Brake ligths pack', 'TZ', 'M', 'EM', '');
INSERT  INTO "Production".Products (ProductId, ProductName, ProductCategory, ProductSize, ProductColor, Description) VALUES ('I9UMTD', 'Gideon Brake Lights replacement', 'TZ', 'N', '0B', '');
INSERT  INTO "Production".Products (ProductId, ProductName, ProductCategory, ProductSize, ProductColor, Description) VALUES ('RXE5QC', 'Clover Seat Belt pack', 'SZ', 'N', '3L', '');
INSERT  INTO "Production".Products (ProductId, ProductName, ProductCategory, ProductSize, ProductColor, Description) VALUES ('7CT6KJ', 'Dorman Seat Belt kit', 'SZ', 'N', '5D', '');
INSERT  INTO "Production".Products (ProductId, ProductName, ProductCategory, ProductSize, ProductColor, Description) VALUES ('JYP75Q', 'WRAP Handlebars replacement', 'TB', 'M', 'PF', '');
INSERT  INTO "Production".Products (ProductId, ProductName, ProductCategory, ProductSize, ProductColor, Description) VALUES ('ZN28PS', 'Max Handlebars for Motocycle', 'TB', 'M', '8K', '');
INSERT  INTO "Production".Products (ProductId, ProductName, ProductCategory, ProductSize, ProductColor, Description) VALUES ('EHHFOO', 'Widow Storage Bags replacement', 'SW', 'N', 'UR', '');
INSERT  INTO "Production".Products (ProductId, ProductName, ProductCategory, ProductSize, ProductColor, Description) VALUES ('8S4CV4', 'Vertex Storage Bags Kit', 'SW', 'M', 'X8', '');
INSERT  INTO "Production".Products (ProductId, ProductName, ProductCategory, ProductSize, ProductColor, Description) VALUES ('KRGAIY', 'Premiun Transmission pack', 'S7', 'U', 'I6', '');
INSERT  INTO "Production".Products (ProductId, ProductName, ProductCategory, ProductSize, ProductColor, Description) VALUES ('L577VL', 'Wukong Transmission kit', 'S7', 'XS', 'YZ', '');
INSERT  INTO "Production".Products (ProductId, ProductName, ProductCategory, ProductSize, ProductColor, Description) VALUES ('61UUXU', 'Gladier Pack Lighting System', 'RP', 'S', 'LY', '');
INSERT  INTO "Production".Products (ProductId, ProductName, ProductCategory, ProductSize, ProductColor, Description) VALUES ('OO9SYW', 'Advance Lighting System kit', 'RP', 'U', '0D', '');
INSERT  INTO "Production".Products (ProductId, ProductName, ProductCategory, ProductSize, ProductColor, Description) VALUES ('5W8QKD', 'Lyla Diagnostic tools', 'QY', 'XS', 'YZ', '');
INSERT  INTO "Production".Products (ProductId, ProductName, ProductCategory, ProductSize, ProductColor, Description) VALUES ('700TCQ', 'Firebird Diagnostic tools', 'QY', 'XS', 'LY', '');
INSERT  INTO "Production".Products (ProductId, ProductName, ProductCategory, ProductSize, ProductColor, Description) VALUES ('85F9FW', 'Forex Cooling system replacement', 'QQ', 'N', 'QZ', '');
INSERT  INTO "Production".Products (ProductId, ProductName, ProductCategory, ProductSize, ProductColor, Description) VALUES ('8DIVP9', 'Omega Cooling system', 'QQ', 'N', 'BN', '');
INSERT  INTO "Production".Products (ProductId, ProductName, ProductCategory, ProductSize, ProductColor, Description) VALUES ('AFXFTU', 'Odesha Feeding System', 'QG', 'M', '2A', '');
INSERT  INTO "Production".Products (ProductId, ProductName, ProductCategory, ProductSize, ProductColor, Description) VALUES ('MH7J7M', 'Scar Feeding system', 'QG', 'M', 'BN', '');
INSERT  INTO "Production".Products (ProductId, ProductName, ProductCategory, ProductSize, ProductColor, Description) VALUES ('ONI84P', 'Highrise Rear lights ', 'QE', 'B', 'X8', '');
INSERT  INTO "Production".Products (ProductId, ProductName, ProductCategory, ProductSize, ProductColor, Description) VALUES ('LSQWKB', 'Purolator rear lights', 'QE', 'S', 'X8', '');
INSERT  INTO "Production".Products (ProductId, ProductName, ProductCategory, ProductSize, ProductColor, Description) VALUES ('N8MU0U', 'Scout Car Handles', 'PX', 'B', 'DW', '');
INSERT  INTO "Production".Products (ProductId, ProductName, ProductCategory, ProductSize, ProductColor, Description) VALUES ('Q4SMY9', 'Pixie Pack Car Handles', 'PX', 'U', 'TK', '');
INSERT  INTO "Production".Products (ProductId, ProductName, ProductCategory, ProductSize, ProductColor, Description) VALUES ('NKMN17', 'Drift Lights for feet replacement kit', 'OJ', 'M', '1C', '');
INSERT  INTO "Production".Products (ProductId, ProductName, ProductCategory, ProductSize, ProductColor, Description) VALUES ('2Z5H6N', 'Rider Lights for feet', 'OJ', 'XS', 'UM', '');
INSERT  INTO "Production".Products (ProductId, ProductName, ProductCategory, ProductSize, ProductColor, Description) VALUES ('D38OLW', 'Hopkins snow pack', 'NW', 'B', 'E5', '');
INSERT  INTO "Production".Products (ProductId, ProductName, ProductCategory, ProductSize, ProductColor, Description) VALUES ('KA894H', 'SLEDGE snow chains', 'NW', 'B', 'RZ', '');
INSERT  INTO "Production".Products (ProductId, ProductName, ProductCategory, ProductSize, ProductColor, Description) VALUES ('IQBURG', 'Rook  Prime Angel eyes Lights', 'BW', 'M', 'I6', '');
INSERT  INTO "Production".Products (ProductId, ProductName, ProductCategory, ProductSize, ProductColor, Description) VALUES ('00BW4B', 'Redline Angel eyes Lights kit', 'BW', 'U', 'PF', '');
INSERT  INTO "Production".Products (ProductId, ProductName, ProductCategory, ProductSize, ProductColor, Description) VALUES ('9QEJFG', 'Beat Audio pack', 'CI', 'U', 'D6', '');
INSERT  INTO "Production".Products (ProductId, ProductName, ProductCategory, ProductSize, ProductColor, Description) VALUES ('B5DUSO', 'Enforcer Audio replacement', 'CI', 'U', 'JT', '');
INSERT  INTO "Production".Products (ProductId, ProductName, ProductCategory, ProductSize, ProductColor, Description) VALUES ('5W1EAY', 'Replacement REPA Fuse -', 'CM', 'U', 'X8', 'Direct Fit, Sold Individually');
INSERT  INTO "Production".Products (ProductId, ProductName, ProductCategory, ProductSize, ProductColor, Description) VALUES ('8MOYOR', 'KAT  Fuse Replacement', 'CM', 'B', 'TK', '');
INSERT  INTO "Production".Products (ProductId, ProductName, ProductCategory, ProductSize, ProductColor, Description) VALUES ('6HCHCJ', 'Koi armrest kit', 'CO', 'M', 'JT', '');
INSERT  INTO "Production".Products (ProductId, ProductName, ProductCategory, ProductSize, ProductColor, Description) VALUES ('JNV1LR', 'Crusier Armrest pack', 'CO', 'U', 'HO', '');
INSERT  INTO "Production".Products (ProductId, ProductName, ProductCategory, ProductSize, ProductColor, Description) VALUES ('LAHOGS', 'QWAX Addressing pack', 'E5', 'N', '1C', '');
INSERT  INTO "Production".Products (ProductId, ProductName, ProductCategory, ProductSize, ProductColor, Description) VALUES ('WLRUFQ', 'Yuletide Addressing', 'E5', 'U', '1C', '');
INSERT  INTO "Production".Products (ProductId, ProductName, ProductCategory, ProductSize, ProductColor, Description) VALUES ('3S4C0Z', 'Omen Hoops', 'EG', 'U', 'SP', '');
INSERT  INTO "Production".Products (ProductId, ProductName, ProductCategory, ProductSize, ProductColor, Description) VALUES ('HAI8PQ', 'LUG Hoops kit', 'EG', 'N', '4V', '');
INSERT  INTO "Production".Products (ProductId, ProductName, ProductCategory, ProductSize, ProductColor, Description) VALUES ('HAOEMC', 'QWAX seat covers', 'EH', 'N', 'W2', '');
INSERT  INTO "Production".Products (ProductId, ProductName, ProductCategory, ProductSize, ProductColor, Description) VALUES ('FMSF1T', 'Crusier Seat covers pack', 'EH', 'XS', 'D6', '');
INSERT  INTO "Production".Products (ProductId, ProductName, ProductCategory, ProductSize, ProductColor, Description) VALUES ('JBROQB', 'Koi Engine prime pack', 'EZ', 'N', '8P', '');
INSERT  INTO "Production".Products (ProductId, ProductName, ProductCategory, ProductSize, ProductColor, Description) VALUES ('D1DJ7V', 'Shift Engine kit', 'EZ', 'N', '8K', '');
INSERT  INTO "Production".Products (ProductId, ProductName, ProductCategory, ProductSize, ProductColor, Description) VALUES ('W2QI78', 'Fate Alternators', 'FE', 'M', 'IC', '');
INSERT  INTO "Production".Products (ProductId, ProductName, ProductCategory, ProductSize, ProductColor, Description) VALUES ('2J5QRX', 'Uplink Alternators', 'FE', 'N', '0D', '');
INSERT  INTO "Production".Products (ProductId, ProductName, ProductCategory, ProductSize, ProductColor, Description) VALUES ('IKLOH3', 'Yonder car oil', 'FQ', 'U', 'D6', '');
INSERT  INTO "Production".Products (ProductId, ProductName, ProductCategory, ProductSize, ProductColor, Description) VALUES ('JKX0ET', 'Camo Car oil', 'FQ', 'M', 'D6', '');
INSERT  INTO "Production".Products (ProductId, ProductName, ProductCategory, ProductSize, ProductColor, Description) VALUES ('YHRL30', 'Dorman tire ', 'IG', 'B', 'EM', '');
INSERT  INTO "Production".Products (ProductId, ProductName, ProductCategory, ProductSize, ProductColor, Description) VALUES ('Q50UX8', 'Wukong tire', 'IG', 'U', 'SQ', '');
INSERT  INTO "Production".Products (ProductId, ProductName, ProductCategory, ProductSize, ProductColor, Description) VALUES ('6BUUDF', 'Fate switch', 'KB', 'B', '1Q', '');
INSERT  INTO "Production".Products (ProductId, ProductName, ProductCategory, ProductSize, ProductColor, Description) VALUES ('V33JJ2', 'Uplink Switch replacement', 'KB', 'S', 'ZH', '');
INSERT  INTO "Production".Products (ProductId, ProductName, ProductCategory, ProductSize, ProductColor, Description) VALUES ('7XJTUP', 'Yonder suspension', 'JH', 'M', 'E5', '');
INSERT  INTO "Production".Products (ProductId, ProductName, ProductCategory, ProductSize, ProductColor, Description) VALUES ('FP5IXD', 'Camo Suspension kit', 'JH', 'M', '5D', '');
INSERT  INTO "Production".Products (ProductId, ProductName, ProductCategory, ProductSize, ProductColor, Description) VALUES ('AQVZ5B', 'Omen Security Alarm Pack', 'HO', 'M', 'XC', '');
INSERT  INTO "Production".Products (ProductId, ProductName, ProductCategory, ProductSize, ProductColor, Description) VALUES ('N9VLX2', 'ALVOC Security Alarm', 'HO', 'B', 'YN', '');
INSERT  INTO "Production".Products (ProductId, ProductName, ProductCategory, ProductSize, ProductColor, Description) VALUES ('BJPE49', 'BONESY wheel cover', 'HW', 'XS', 'SP', '');
INSERT  INTO "Production".Products (ProductId, ProductName, ProductCategory, ProductSize, ProductColor, Description) VALUES ('69WW3C', 'Dorman wheel cover kit', 'HW', 'M', 'XC', '');
INSERT  INTO "Production".Products (ProductId, ProductName, ProductCategory, ProductSize, ProductColor, Description) VALUES ('DGMLU8', 'Hopkins Air bags pack', 'KZ', 'B', 'CT', '');
INSERT  INTO "Production".Products (ProductId, ProductName, ProductCategory, ProductSize, ProductColor, Description) VALUES ('CE4NEE', 'Scales Air bags kit', 'KZ', 'S', 'P5', '');
INSERT  INTO "Production".Products (ProductId, ProductName, ProductCategory, ProductSize, ProductColor, Description) VALUES ('YSJAJD', 'A&E Floor Mats Pack', 'LO', 'S', 'DW', '');
INSERT  INTO "Production".Products (ProductId, ProductName, ProductCategory, ProductSize, ProductColor, Description) VALUES ('97U6O1', 'NOG Floor Mats kit', 'LO', 'M', 'TK', '');
INSERT  INTO "Production".Products (ProductId, ProductName, ProductCategory, ProductSize, ProductColor, Description) VALUES ('TEB7UE', 'Niss Distribution system', 'MT', 'M', 'R1', '');
INSERT  INTO "Production".Products (ProductId, ProductName, ProductCategory, ProductSize, ProductColor, Description) VALUES ('140B2T', 'Prime Dorman Dist. System', 'MT', 'N', '2N', '');
INSERT  INTO "Production".Products (ProductId, ProductName, ProductCategory, ProductSize, ProductColor, Description) VALUES ('BGBOA1', 'Firebird Reading Lights', 'MO', 'N', 'PF', '');
INSERT  INTO "Production".Products (ProductId, ProductName, ProductCategory, ProductSize, ProductColor, Description) VALUES ('HUF0LJ', 'Pure Kit Reading Lights', 'MO', 'U', 'JT', '');
INSERT  INTO "Production".Products (ProductId, ProductName, ProductCategory, ProductSize, ProductColor, Description) VALUES ('NPC716', 'LuG Transistors kit', 'MV', 'S', 'RZ', '');
INSERT  INTO "Production".Products (ProductId, ProductName, ProductCategory, ProductSize, ProductColor, Description) VALUES ('MSIIX6', 'Omen transistor', 'MV', 'XS', '1Q', '');
INSERT  INTO "Production".Products (ProductId, ProductName, ProductCategory, ProductSize, ProductColor, Description) VALUES ('420SGG', 'Prime Pack Nog Brake Accessories', 'NB', 'XS', 'UK', '');
INSERT  INTO "Production".Products (ProductId, ProductName, ProductCategory, ProductSize, ProductColor, Description) VALUES ('K1Y3B7', 'Trish Brake Accessories kit', 'NB', 'XS', '1Q', '');
INSERT  INTO "Production".Products (ProductId, ProductName, ProductCategory, ProductSize, ProductColor, Description) VALUES ('WIFPUT', 'Trish Inflate Pump', 'NQ', 'M', 'JT', '');
INSERT  INTO "Production".Products (ProductId, ProductName, ProductCategory, ProductSize, ProductColor, Description) VALUES ('WKXU60', 'Wukong Inflatable pump', 'NQ', 'U', 'QF', '');



INSERT INTO "Production".Lot (LotId, ProductId, Date, TTLMonths) VALUES ('02U1', 'KA894H', CAST('2012-03-09' AS Date), 161);
INSERT INTO "Production".Lot (LotId, ProductId, Date, TTLMonths) VALUES ('07FH', '1E9B3Q', CAST('2013-04-02' AS Date), 270);
INSERT INTO "Production".Lot (LotId, ProductId, Date, TTLMonths) VALUES ('17H2', 'OXC5IS', CAST('2013-07-28' AS Date), 200);
INSERT INTO "Production".Lot (LotId, ProductId, Date, TTLMonths) VALUES ('1WIE', 'YSJAJD', CAST('2012-08-27' AS Date), 120);
INSERT INTO "Production".Lot (LotId, ProductId, Date, TTLMonths) VALUES ('2FJ4', 'N8MU0U', CAST('2010-10-03' AS Date), 213);
INSERT INTO "Production".Lot (LotId, ProductId, Date, TTLMonths) VALUES ('350P', 'UDI8QJ', CAST('2012-10-04' AS Date), 268);
INSERT INTO "Production".Lot (LotId, ProductId, Date, TTLMonths) VALUES ('35RT', 'XLZHXM', CAST('2012-09-23' AS Date), 280);
INSERT INTO "Production".Lot (LotId, ProductId, Date, TTLMonths) VALUES ('36NT', 'G7X4WC', CAST('2010-08-11' AS Date), 236);
INSERT INTO "Production".Lot (LotId, ProductId, Date, TTLMonths) VALUES ('3DSX', 'OO9SYW', CAST('2013-10-10' AS Date), 199);
INSERT INTO "Production".Lot (LotId, ProductId, Date, TTLMonths) VALUES ('3Z5B', 'G7X4WC', CAST('2010-10-10' AS Date), 201);
INSERT INTO "Production".Lot (LotId, ProductId, Date, TTLMonths) VALUES ('444I', '2Z5H6N', CAST('2012-08-20' AS Date), 174);
INSERT INTO "Production".Lot (LotId, ProductId, Date, TTLMonths) VALUES ('5URQ', 'BGJO4H', CAST('2012-01-09' AS Date), 256);
INSERT INTO "Production".Lot (LotId, ProductId, Date, TTLMonths) VALUES ('6AZ3', 'QOMIBG', CAST('2013-12-17' AS Date), 131);
INSERT INTO "Production".Lot (LotId, ProductId, Date, TTLMonths) VALUES ('6H51', '700TCQ', CAST('2012-09-16' AS Date), 122);
INSERT INTO "Production".Lot (LotId, ProductId, Date, TTLMonths) VALUES ('6J3V', '6HCHCJ', CAST('2010-08-13' AS Date), 263);
INSERT INTO "Production".Lot (LotId, ProductId, Date, TTLMonths) VALUES ('7DCU', 'JNV1LR', CAST('2013-06-23' AS Date), 243);
INSERT INTO "Production".Lot (LotId, ProductId, Date, TTLMonths) VALUES ('7XSJ', '6IADGA', CAST('2012-04-23' AS Date), 289);
INSERT INTO "Production".Lot (LotId, ProductId, Date, TTLMonths) VALUES ('802K', '140B2T', CAST('2010-09-24' AS Date), 202);
INSERT INTO "Production".Lot (LotId, ProductId, Date, TTLMonths) VALUES ('80YA', '99LNN2', CAST('2010-05-08' AS Date), 263);
INSERT INTO "Production".Lot (LotId, ProductId, Date, TTLMonths) VALUES ('8NWX', 'HC1IGK', CAST('2012-12-23' AS Date), 123);
INSERT INTO "Production".Lot (LotId, ProductId, Date, TTLMonths) VALUES ('8OZS', 'IQBURG', CAST('2012-11-07' AS Date), 195);
INSERT INTO "Production".Lot (LotId, ProductId, Date, TTLMonths) VALUES ('8QVI', '140B2T', CAST('2010-05-18' AS Date), 229);
INSERT INTO "Production".Lot (LotId, ProductId, Date, TTLMonths) VALUES ('8TH5', '140B2T', CAST('2012-05-28' AS Date), 264);
INSERT INTO "Production".Lot (LotId, ProductId, Date, TTLMonths) VALUES ('9D9H', '5W8QKD', CAST('2013-01-10' AS Date), 115);
INSERT INTO "Production".Lot (LotId, ProductId, Date, TTLMonths) VALUES ('9NFX', 'XEV38J', CAST('2013-09-21' AS Date), 136);
INSERT INTO "Production".Lot (LotId, ProductId, Date, TTLMonths) VALUES ('AF49', 'EQDID2', CAST('2012-10-31' AS Date), 114);
INSERT INTO "Production".Lot (LotId, ProductId, Date, TTLMonths) VALUES ('ARW7', 'G7X4WC', CAST('2010-06-02' AS Date), 120);
INSERT INTO "Production".Lot (LotId, ProductId, Date, TTLMonths) VALUES ('BAXI', 'MFIW05', CAST('2011-10-02' AS Date), 133);
INSERT INTO "Production".Lot (LotId, ProductId, Date, TTLMonths) VALUES ('C21J', 'POVEN8', CAST('2013-05-29' AS Date), 218);
INSERT INTO "Production".Lot (LotId, ProductId, Date, TTLMonths) VALUES ('C8P8', 'AQVZ5B', CAST('2011-02-15' AS Date), 240);
INSERT INTO "Production".Lot (LotId, ProductId, Date, TTLMonths) VALUES ('C8TJ', 'EIEK41', CAST('2013-02-05' AS Date), 118);
INSERT INTO "Production".Lot (LotId, ProductId, Date, TTLMonths) VALUES ('CDG7', 'EHHFOO', CAST('2013-05-09' AS Date), 182);
INSERT INTO "Production".Lot (LotId, ProductId, Date, TTLMonths) VALUES ('CSCA', '3XEUNU', CAST('2012-10-27' AS Date), 122);
INSERT INTO "Production".Lot (LotId, ProductId, Date, TTLMonths) VALUES ('DCKF', 'POVEN8', CAST('2010-08-11' AS Date), 100);
INSERT INTO "Production".Lot (LotId, ProductId, Date, TTLMonths) VALUES ('DDZ0', 'GAIR8V', CAST('2012-06-08' AS Date), 202);
INSERT INTO "Production".Lot (LotId, ProductId, Date, TTLMonths) VALUES ('DKCD', 'EIEK41', CAST('2013-02-09' AS Date), 211);
INSERT INTO "Production".Lot (LotId, ProductId, Date, TTLMonths) VALUES ('EK9W', '3S4C0Z', CAST('2010-10-18' AS Date), 278);
INSERT INTO "Production".Lot (LotId, ProductId, Date, TTLMonths) VALUES ('F78W', 'HAI8PQ', CAST('2013-02-16' AS Date), 176);
INSERT INTO "Production".Lot (LotId, ProductId, Date, TTLMonths) VALUES ('FEOO', 'JYP75Q', CAST('2011-12-01' AS Date), 116);
INSERT INTO "Production".Lot (LotId, ProductId, Date, TTLMonths) VALUES ('GQ8Q', 'MH7J7M', CAST('2011-08-10' AS Date), 276);
INSERT INTO "Production".Lot (LotId, ProductId, Date, TTLMonths) VALUES ('GURD', 'D38OLW', CAST('2011-07-30' AS Date), 172);
INSERT INTO "Production".Lot (LotId, ProductId, Date, TTLMonths) VALUES ('GZCA', 'HC1IGK', CAST('2012-10-04' AS Date), 134);
INSERT INTO "Production".Lot (LotId, ProductId, Date, TTLMonths) VALUES ('H7JH', 'JNV1LR', CAST('2010-11-02' AS Date), 151);
INSERT INTO "Production".Lot (LotId, ProductId, Date, TTLMonths) VALUES ('HTD4', 'XEV38J', CAST('2010-01-29' AS Date), 129);
INSERT INTO "Production".Lot (LotId, ProductId, Date, TTLMonths) VALUES ('HXKS', 'K1Y3B7', CAST('2010-11-19' AS Date), 226);
INSERT INTO "Production".Lot (LotId, ProductId, Date, TTLMonths) VALUES ('I3ZE', '99LNN2', CAST('2012-05-05' AS Date), 197);
INSERT INTO "Production".Lot (LotId, ProductId, Date, TTLMonths) VALUES ('I7H3', 'XUN58H', CAST('2012-10-21' AS Date), 180);
INSERT INTO "Production".Lot (LotId, ProductId, Date, TTLMonths) VALUES ('IIVZ', 'QOMIBG', CAST('2012-08-05' AS Date), 200);
INSERT INTO "Production".Lot (LotId, ProductId, Date, TTLMonths) VALUES ('IWOE', 'SWWO9R', CAST('2012-02-23' AS Date), 129);
INSERT INTO "Production".Lot (LotId, ProductId, Date, TTLMonths) VALUES ('JT53', '9QEJFG', CAST('2013-05-27' AS Date), 227);
INSERT INTO "Production".Lot (LotId, ProductId, Date, TTLMonths) VALUES ('JVJ6', 'YSJAJD', CAST('2010-03-17' AS Date), 148);
INSERT INTO "Production".Lot (LotId, ProductId, Date, TTLMonths) VALUES ('KOO3', 'KA894H', CAST('2011-01-30' AS Date), 176);
INSERT INTO "Production".Lot (LotId, ProductId, Date, TTLMonths) VALUES ('LFAU', 'T8JLL7', CAST('2012-01-15' AS Date), 235);
INSERT INTO "Production".Lot (LotId, ProductId, Date, TTLMonths) VALUES ('M2K6', 'CE4NEE', CAST('2010-12-29' AS Date), 182);
INSERT INTO "Production".Lot (LotId, ProductId, Date, TTLMonths) VALUES ('MD9Y', 'G7X4WC', CAST('2012-02-29' AS Date), 285);
INSERT INTO "Production".Lot (LotId, ProductId, Date, TTLMonths) VALUES ('MMYW', 'GW9DL0', CAST('2012-07-23' AS Date), 259);
INSERT INTO "Production".Lot (LotId, ProductId, Date, TTLMonths) VALUES ('MNHA', 'OO9SYW', CAST('2013-06-25' AS Date), 234);
INSERT INTO "Production".Lot (LotId, ProductId, Date, TTLMonths) VALUES ('MWVU', '9QEJFG', CAST('2013-08-28' AS Date), 128);
INSERT INTO "Production".Lot (LotId, ProductId, Date, TTLMonths) VALUES ('NFN8', 'HC1IGK', CAST('2010-01-14' AS Date), 285);
INSERT INTO "Production".Lot (LotId, ProductId, Date, TTLMonths) VALUES ('NY9N', 'TSRJUI', CAST('2010-01-07' AS Date), 259);
INSERT INTO "Production".Lot (LotId, ProductId, Date, TTLMonths) VALUES ('OI16', 'QRQ14M', CAST('2012-04-01' AS Date), 147);
INSERT INTO "Production".Lot (LotId, ProductId, Date, TTLMonths) VALUES ('P4A1', '6BUUDF', CAST('2013-04-09' AS Date), 253);
INSERT INTO "Production".Lot (LotId, ProductId, Date, TTLMonths) VALUES ('PBB9', '69WW3C', CAST('2010-01-11' AS Date), 170);
INSERT INTO "Production".Lot (LotId, ProductId, Date, TTLMonths) VALUES ('PS4A', 'I9UMTD', CAST('2010-11-21' AS Date), 169);
INSERT INTO "Production".Lot (LotId, ProductId, Date, TTLMonths) VALUES ('PWXM', 'R3X8WQ', CAST('2013-06-27' AS Date), 267);
INSERT INTO "Production".Lot (LotId, ProductId, Date, TTLMonths) VALUES ('Q6NQ', 'B5DUSO', CAST('2013-09-07' AS Date), 150);
INSERT INTO "Production".Lot (LotId, ProductId, Date, TTLMonths) VALUES ('RUJ2', 'QOMIBG', CAST('2010-02-13' AS Date), 135);
INSERT INTO "Production".Lot (LotId, ProductId, Date, TTLMonths) VALUES ('RZF0', '700TCQ', CAST('2013-07-19' AS Date), 248);
INSERT INTO "Production".Lot (LotId, ProductId, Date, TTLMonths) VALUES ('SCSI', 'J5O1M1', CAST('2013-04-05' AS Date), 228);
INSERT INTO "Production".Lot (LotId, ProductId, Date, TTLMonths) VALUES ('SCSS', 'XO9IQQ', CAST('2010-12-31' AS Date), 289);
INSERT INTO "Production".Lot (LotId, ProductId, Date, TTLMonths) VALUES ('SHN3', 'FP5IXD', CAST('2010-06-28' AS Date), 264);
INSERT INTO "Production".Lot (LotId, ProductId, Date, TTLMonths) VALUES ('SHOB', 'LAHOGS', CAST('2011-07-05' AS Date), 246);
INSERT INTO "Production".Lot (LotId, ProductId, Date, TTLMonths) VALUES ('STFE', '6OW9IJ', CAST('2010-10-09' AS Date), 234);
INSERT INTO "Production".Lot (LotId, ProductId, Date, TTLMonths) VALUES ('T3UF', 'T8JLL7', CAST('2011-08-29' AS Date), 133);
INSERT INTO "Production".Lot (LotId, ProductId, Date, TTLMonths) VALUES ('TGOE', '5W8QKD', CAST('2010-11-23' AS Date), 178);
INSERT INTO "Production".Lot (LotId, ProductId, Date, TTLMonths) VALUES ('TMDC', 'PZ5VYR', CAST('2011-10-14' AS Date), 197);
INSERT INTO "Production".Lot (LotId, ProductId, Date, TTLMonths) VALUES ('TMH5', 'MFIW05', CAST('2011-03-21' AS Date), 120);
INSERT INTO "Production".Lot (LotId, ProductId, Date, TTLMonths) VALUES ('TQPZ', 'JKX0ET', CAST('2012-11-03' AS Date), 113);
INSERT INTO "Production".Lot (LotId, ProductId, Date, TTLMonths) VALUES ('TRI3', '8DIVP9', CAST('2012-02-14' AS Date), 220);
INSERT INTO "Production".Lot (LotId, ProductId, Date, TTLMonths) VALUES ('TTXM', 'QC4OHX', CAST('2010-08-17' AS Date), 130);
INSERT INTO "Production".Lot (LotId, ProductId, Date, TTLMonths) VALUES ('TUQC', 'WIIW8P', CAST('2012-08-08' AS Date), 179);
INSERT INTO "Production".Lot (LotId, ProductId, Date, TTLMonths) VALUES ('U06H', '8MOYOR', CAST('2010-06-24' AS Date), 236);
INSERT INTO "Production".Lot (LotId, ProductId, Date, TTLMonths) VALUES ('URGT', 'ABJ2TC', CAST('2013-07-09' AS Date), 157);
INSERT INTO "Production".Lot (LotId, ProductId, Date, TTLMonths) VALUES ('UUOI', 'LAHOGS', CAST('2010-11-07' AS Date), 279);
INSERT INTO "Production".Lot (LotId, ProductId, Date, TTLMonths) VALUES ('UZIV', '00BW4B', CAST('2012-03-29' AS Date), 202);
INSERT INTO "Production".Lot (LotId, ProductId, Date, TTLMonths) VALUES ('V2NH', 'BGVZ8C', CAST('2012-10-23' AS Date), 260);
INSERT INTO "Production".Lot (LotId, ProductId, Date, TTLMonths) VALUES ('VCKU', 'EQDID2', CAST('2011-01-02' AS Date), 116);
INSERT INTO "Production".Lot (LotId, ProductId, Date, TTLMonths) VALUES ('VNCY', '2J5QRX', CAST('2013-08-24' AS Date), 120);
INSERT INTO "Production".Lot (LotId, ProductId, Date, TTLMonths) VALUES ('VU4P', 'BGVZ8C', CAST('2013-01-28' AS Date), 130);
INSERT INTO "Production".Lot (LotId, ProductId, Date, TTLMonths) VALUES ('X1L5', 'QRQ14M', CAST('2010-06-01' AS Date), 153);
INSERT INTO "Production".Lot (LotId, ProductId, Date, TTLMonths) VALUES ('X2YK', 'DGGGAR', CAST('2011-05-28' AS Date), 153);
INSERT INTO "Production".Lot (LotId, ProductId, Date, TTLMonths) VALUES ('X3XK', 'QOMIBG', CAST('2012-06-28' AS Date), 250);
INSERT INTO "Production".Lot (LotId, ProductId, Date, TTLMonths) VALUES ('X9ZG', '1E9B3Q', CAST('2011-08-16' AS Date), 185);
INSERT INTO "Production".Lot (LotId, ProductId, Date, TTLMonths) VALUES ('XEXN', 'UDI8QJ', CAST('2012-11-13' AS Date), 265);
INSERT INTO "Production".Lot (LotId, ProductId, Date, TTLMonths) VALUES ('XIGZ', 'ONI84P', CAST('2013-04-26' AS Date), 145);
INSERT INTO "Production".Lot (LotId, ProductId, Date, TTLMonths) VALUES ('XPVN', '97U6O1', CAST('2010-06-20' AS Date), 251);
INSERT INTO "Production".Lot (LotId, ProductId, Date, TTLMonths) VALUES ('Y0FQ', 'JYP75Q', CAST('2010-07-09' AS Date), 258);
INSERT INTO "Production".Lot (LotId, ProductId, Date, TTLMonths) VALUES ('YJ1P', 'J5O1M1', CAST('2013-03-04' AS Date), 111);
INSERT INTO "Production".Lot (LotId, ProductId, Date, TTLMonths) VALUES ('YOAH', '5W1EAY', CAST('2011-04-02' AS Date), 130);
INSERT INTO "Production".Lot (LotId, ProductId, Date, TTLMonths) VALUES ('YUN6', 'NPC716', CAST('2011-08-04' AS Date), 162);


INSERT INTO "Production".lines(
	lineid, description)
	VALUES (1, 'LINE-1');
INSERT INTO "Production".lines(
	lineid, description)
	VALUES (2, 'LINE-2');
INSERT INTO "Production".lines(
	lineid, description)
	VALUES (3, 'LINE-3');
INSERT INTO "Production".lines(
	lineid, description)
	VALUES (4, 'LINE-4');
INSERT INTO "Production".lines(
	lineid, description)
	VALUES (5, 'LINE-5');
INSERT INTO "Production".lines(
	lineid, description)
	VALUES (6, 'LINE-6');
INSERT INTO "Production".lines(
	lineid, description)
	VALUES (7, 'LINE-7');
INSERT INTO "Production".lines(
	lineid, description)
	VALUES (8, 'LINE-8');
INSERT INTO "Production".lines(
	lineid, description)
	VALUES (9, 'LINE-9');
INSERT INTO "Production".lines(
	lineid, description)
	VALUES (10, 'LINE-10');


INSERT INTO "Production".LotxLines (LotId, LineId, ProductionQuantity, ProductionLost, Starttime, Finishtime, ProductionTesting, ProductionAmount) VALUES ('02U1', 1, 8759, 283, CAST('13:57:24' AS Time), CAST('21:42:32' AS Time), 4, 13786);
INSERT INTO "Production".LotxLines (LotId, LineId, ProductionQuantity, ProductionLost, Starttime, Finishtime, ProductionTesting, ProductionAmount) VALUES ('02U1', 2, 5113, 232, CAST('07:09:39' AS Time), CAST('20:29:32' AS Time), 157, 11850);
INSERT INTO "Production".LotxLines (LotId, LineId, ProductionQuantity, ProductionLost, Starttime, Finishtime, ProductionTesting, ProductionAmount) VALUES ('02U1', 4, 8411, 220, CAST('20:34:43' AS Time), CAST('16:22:37' AS Time), 86, 14456);
INSERT INTO "Production".LotxLines (LotId, LineId, ProductionQuantity, ProductionLost, Starttime, Finishtime, ProductionTesting, ProductionAmount) VALUES ('07FH', 1, 6678, 113, CAST('12:31:24' AS Time), CAST('13:07:24' AS Time), 76, 9020);
INSERT INTO "Production".LotxLines (LotId, LineId, ProductionQuantity, ProductionLost, Starttime, Finishtime, ProductionTesting, ProductionAmount) VALUES ('07FH', 3, 6713, 45, CAST('09:55:45' AS Time), CAST('11:23:42' AS Time), 91, 14377);
INSERT INTO "Production".LotxLines (LotId, LineId, ProductionQuantity, ProductionLost, Starttime, Finishtime, ProductionTesting, ProductionAmount) VALUES ('17H2', 1, 5760, 219, CAST('08:42:55' AS Time), CAST('11:26:01' AS Time), 36, 15412);
INSERT INTO "Production".LotxLines (LotId, LineId, ProductionQuantity, ProductionLost, Starttime, Finishtime, ProductionTesting, ProductionAmount) VALUES ('17H2', 2, 8828, 245, CAST('16:07:43' AS Time), CAST('22:01:27' AS Time), 177, 9619);
INSERT INTO "Production".LotxLines (LotId, LineId, ProductionQuantity, ProductionLost, Starttime, Finishtime, ProductionTesting, ProductionAmount) VALUES ('17H2', 4, 8929, 114, CAST('03:56:16' AS Time), CAST('10:59:12' AS Time), 114, 10506);
INSERT INTO "Production".LotxLines (LotId, LineId, ProductionQuantity, ProductionLost, Starttime, Finishtime, ProductionTesting, ProductionAmount) VALUES ('1WIE', 8, 5371, 51, CAST('05:05:58' AS Time), CAST('22:00:21' AS Time), 14, 8155);
INSERT INTO "Production".LotxLines (LotId, LineId, ProductionQuantity, ProductionLost, Starttime, Finishtime, ProductionTesting, ProductionAmount) VALUES ('1WIE', 9, 8403, 125, CAST('11:21:26' AS Time), CAST('11:41:43' AS Time), 85, 7051);
INSERT INTO "Production".LotxLines (LotId, LineId, ProductionQuantity, ProductionLost, Starttime, Finishtime, ProductionTesting, ProductionAmount) VALUES ('1WIE', 10, 7049, 207, CAST('14:08:42' AS Time), CAST('23:12:09' AS Time), 16, 12045);
INSERT INTO "Production".LotxLines (LotId, LineId, ProductionQuantity, ProductionLost, Starttime, Finishtime, ProductionTesting, ProductionAmount) VALUES ('2FJ4', 5, 6866, 106, CAST('06:52:22' AS Time), CAST('09:19:13' AS Time), 127, 15029);
INSERT INTO "Production".LotxLines (LotId, LineId, ProductionQuantity, ProductionLost, Starttime, Finishtime, ProductionTesting, ProductionAmount) VALUES ('2FJ4', 6, 5580, 55, CAST('06:52:22' AS Time), CAST('09:19:13' AS Time), 76, 10091);
INSERT INTO "Production".LotxLines (LotId, LineId, ProductionQuantity, ProductionLost, Starttime, Finishtime, ProductionTesting, ProductionAmount) VALUES ('350P', 7, 6376, 82, CAST('05:27:54' AS Time), CAST('02:21:30' AS Time), 127, 10818);
INSERT INTO "Production".LotxLines (LotId, LineId, ProductionQuantity, ProductionLost, Starttime, Finishtime, ProductionTesting, ProductionAmount) VALUES ('350P', 8, 4913, 74, CAST('09:12:02' AS Time), CAST('18:46:59' AS Time), 101, 14465);
INSERT INTO "Production".LotxLines (LotId, LineId, ProductionQuantity, ProductionLost, Starttime, Finishtime, ProductionTesting, ProductionAmount) VALUES ('350P', 9, 7035, 77, CAST('02:00:28' AS Time), CAST('00:49:12' AS Time), 195, 12712);
INSERT INTO "Production".LotxLines (LotId, LineId, ProductionQuantity, ProductionLost, Starttime, Finishtime, ProductionTesting, ProductionAmount) VALUES ('35RT', 1, 5472, 297, CAST('01:51:34' AS Time), CAST('16:07:13' AS Time), 111, 9042);
INSERT INTO "Production".LotxLines (LotId, LineId, ProductionQuantity, ProductionLost, Starttime, Finishtime, ProductionTesting, ProductionAmount) VALUES ('35RT', 2, 5580, 29, CAST('09:15:13' AS Time), CAST('07:59:09' AS Time), 196, 10840);
INSERT INTO "Production".LotxLines (LotId, LineId, ProductionQuantity, ProductionLost, Starttime, Finishtime, ProductionTesting, ProductionAmount) VALUES ('35RT', 5, 7921, 67, CAST('01:26:30' AS Time), CAST('23:39:30' AS Time), 119, 11453);
INSERT INTO "Production".LotxLines (LotId, LineId, ProductionQuantity, ProductionLost, Starttime, Finishtime, ProductionTesting, ProductionAmount) VALUES ('36NT', 6, 4298, 291, CAST('11:09:23' AS Time), CAST('15:41:01' AS Time), 76, 10274);
INSERT INTO "Production".LotxLines (LotId, LineId, ProductionQuantity, ProductionLost, Starttime, Finishtime, ProductionTesting, ProductionAmount) VALUES ('3DSX', 9, 6124, 55, CAST('00:57:52' AS Time), CAST('16:43:51' AS Time), 101, 12857);
INSERT INTO "Production".LotxLines (LotId, LineId, ProductionQuantity, ProductionLost, Starttime, Finishtime, ProductionTesting, ProductionAmount) VALUES ('3DSX', 10, 6015, 157, CAST('16:01:15' AS Time), CAST('13:15:37' AS Time), 54, 15431);
INSERT INTO "Production".LotxLines (LotId, LineId, ProductionQuantity, ProductionLost, Starttime, Finishtime, ProductionTesting, ProductionAmount) VALUES ('3Z5B', 2, 6023, 147, CAST('19:29:14' AS Time), CAST('02:44:52' AS Time), 149, 14680);
INSERT INTO "Production".LotxLines (LotId, LineId, ProductionQuantity, ProductionLost, Starttime, Finishtime, ProductionTesting, ProductionAmount) VALUES ('3Z5B', 3, 4885, 232, CAST('03:49:22' AS Time), CAST('05:28:41' AS Time), 10, 10091);
INSERT INTO "Production".LotxLines (LotId, LineId, ProductionQuantity, ProductionLost, Starttime, Finishtime, ProductionTesting, ProductionAmount) VALUES ('3Z5B', 5, 8206, 217, CAST('14:52:45' AS Time), CAST('05:08:43' AS Time), 57, 11071);
INSERT INTO "Production".LotxLines (LotId, LineId, ProductionQuantity, ProductionLost, Starttime, Finishtime, ProductionTesting, ProductionAmount) VALUES ('444I', 5, 7125, 173, CAST('19:19:19' AS Time), CAST('02:04:51' AS Time), 68, 9865);
INSERT INTO "Production".LotxLines (LotId, LineId, ProductionQuantity, ProductionLost, Starttime, Finishtime, ProductionTesting, ProductionAmount) VALUES ('444I', 6, 7829, 304, CAST('12:31:06' AS Time), CAST('03:22:44' AS Time), 171, 14031);
INSERT INTO "Production".LotxLines (LotId, LineId, ProductionQuantity, ProductionLost, Starttime, Finishtime, ProductionTesting, ProductionAmount) VALUES ('444I', 9, 5824, 229, CAST('14:52:19' AS Time), CAST('01:19:35' AS Time), 116, 16416);
INSERT INTO "Production".LotxLines (LotId, LineId, ProductionQuantity, ProductionLost, Starttime, Finishtime, ProductionTesting, ProductionAmount) VALUES ('5URQ', 2, 7157, 178, CAST('06:34:39' AS Time), CAST('11:53:46' AS Time), 146, 13041);
INSERT INTO "Production".LotxLines (LotId, LineId, ProductionQuantity, ProductionLost, Starttime, Finishtime, ProductionTesting, ProductionAmount) VALUES ('5URQ', 5, 8468, 120, CAST('01:11:34' AS Time), CAST('19:46:00' AS Time), 59, 7630);
INSERT INTO "Production".LotxLines (LotId, LineId, ProductionQuantity, ProductionLost, Starttime, Finishtime, ProductionTesting, ProductionAmount) VALUES ('6AZ3', 2, 4182, 160, CAST('10:46:52' AS Time), CAST('21:47:19' AS Time), 108, 10759);
INSERT INTO "Production".LotxLines (LotId, LineId, ProductionQuantity, ProductionLost, Starttime, Finishtime, ProductionTesting, ProductionAmount) VALUES ('6AZ3', 5, 7447, 238, CAST('08:18:13' AS Time), CAST('07:22:27' AS Time), 152, 7575);
INSERT INTO "Production".LotxLines (LotId, LineId, ProductionQuantity, ProductionLost, Starttime, Finishtime, ProductionTesting, ProductionAmount) VALUES ('6AZ3', 6, 7754, 247, CAST('20:28:51' AS Time), CAST('13:05:57' AS Time), 3, 15456);
INSERT INTO "Production".LotxLines (LotId, LineId, ProductionQuantity, ProductionLost, Starttime, Finishtime, ProductionTesting, ProductionAmount) VALUES ('6H51', 1, 5926, 311, CAST('16:39:22' AS Time), CAST('23:58:47' AS Time), 129, 9240);
INSERT INTO "Production".LotxLines (LotId, LineId, ProductionQuantity, ProductionLost, Starttime, Finishtime, ProductionTesting, ProductionAmount) VALUES ('6H51', 3, 5120, 30, CAST('22:51:17' AS Time), CAST('03:08:32' AS Time), 25, 10732);
INSERT INTO "Production".LotxLines (LotId, LineId, ProductionQuantity, ProductionLost, Starttime, Finishtime, ProductionTesting, ProductionAmount) VALUES ('6J3V', 2, 7798, 129, CAST('19:09:25' AS Time), CAST('10:00:45' AS Time), 152, 11711);
INSERT INTO "Production".LotxLines (LotId, LineId, ProductionQuantity, ProductionLost, Starttime, Finishtime, ProductionTesting, ProductionAmount) VALUES ('6J3V', 4, 8246, 98, CAST('11:51:46' AS Time), CAST('04:32:14' AS Time), 136, 13479);
INSERT INTO "Production".LotxLines (LotId, LineId, ProductionQuantity, ProductionLost, Starttime, Finishtime, ProductionTesting, ProductionAmount) VALUES ('7DCU', 5, 8791, 146, CAST('20:41:12' AS Time), CAST('00:13:21' AS Time), 2, 12007);
INSERT INTO "Production".LotxLines (LotId, LineId, ProductionQuantity, ProductionLost, Starttime, Finishtime, ProductionTesting, ProductionAmount) VALUES ('7DCU', 8, 5200, 262, CAST('20:11:30' AS Time), CAST('19:13:23' AS Time), 166, 15713);
INSERT INTO "Production".LotxLines (LotId, LineId, ProductionQuantity, ProductionLost, Starttime, Finishtime, ProductionTesting, ProductionAmount) VALUES ('7XSJ', 10, 4975, 197, CAST('18:39:38' AS Time), CAST('23:44:31' AS Time), 15, 13526);
INSERT INTO "Production".LotxLines (LotId, LineId, ProductionQuantity, ProductionLost, Starttime, Finishtime, ProductionTesting, ProductionAmount) VALUES ('802K', 3, 7640, 130, CAST('03:51:25' AS Time), CAST('06:58:36' AS Time), 73, 15706);
INSERT INTO "Production".LotxLines (LotId, LineId, ProductionQuantity, ProductionLost, Starttime, Finishtime, ProductionTesting, ProductionAmount) VALUES ('802K', 9, 7587, 219, CAST('03:57:07' AS Time), CAST('00:10:18' AS Time), 110, 13994);
INSERT INTO "Production".LotxLines (LotId, LineId, ProductionQuantity, ProductionLost, Starttime, Finishtime, ProductionTesting, ProductionAmount) VALUES ('80YA', 7, 7267, 173, CAST('01:38:17' AS Time), CAST('19:42:49' AS Time), 173, 11172);
INSERT INTO "Production".LotxLines (LotId, LineId, ProductionQuantity, ProductionLost, Starttime, Finishtime, ProductionTesting, ProductionAmount) VALUES ('80YA', 9, 8813, 271, CAST('11:52:13' AS Time), CAST('07:53:07' AS Time), 170, 7039);
INSERT INTO "Production".LotxLines (LotId, LineId, ProductionQuantity, ProductionLost, Starttime, Finishtime, ProductionTesting, ProductionAmount) VALUES ('80YA', 10, 7212, 76, CAST('19:00:35' AS Time), CAST('16:32:53' AS Time), 68, 14618);
INSERT INTO "Production".LotxLines (LotId, LineId, ProductionQuantity, ProductionLost, Starttime, Finishtime, ProductionTesting, ProductionAmount) VALUES ('8NWX', 1, 7451, 31, CAST('23:38:18' AS Time), CAST('18:42:42' AS Time), 154, 11470);
INSERT INTO "Production".LotxLines (LotId, LineId, ProductionQuantity, ProductionLost, Starttime, Finishtime, ProductionTesting, ProductionAmount) VALUES ('8OZS', 3, 8407, 139, CAST('00:09:25' AS Time), CAST('17:33:23' AS Time), 133, 10412);
INSERT INTO "Production".LotxLines (LotId, LineId, ProductionQuantity, ProductionLost, Starttime, Finishtime, ProductionTesting, ProductionAmount) VALUES ('8OZS', 5, 5490, 90, CAST('04:20:40' AS Time), CAST('14:16:03' AS Time), 117, 9046);
INSERT INTO "Production".LotxLines (LotId, LineId, ProductionQuantity, ProductionLost, Starttime, Finishtime, ProductionTesting, ProductionAmount) VALUES ('8QVI', 7, 4099, 310, CAST('14:09:08' AS Time), CAST('03:49:16' AS Time), 105, 7859);
INSERT INTO "Production".LotxLines (LotId, LineId, ProductionQuantity, ProductionLost, Starttime, Finishtime, ProductionTesting, ProductionAmount) VALUES ('8QVI', 8, 5797, 164, CAST('14:43:28' AS Time), CAST('04:14:07' AS Time), 134, 10822);
INSERT INTO "Production".LotxLines (LotId, LineId, ProductionQuantity, ProductionLost, Starttime, Finishtime, ProductionTesting, ProductionAmount) VALUES ('8TH5', 2, 8665, 269, CAST('11:08:53' AS Time), CAST('17:41:16' AS Time), 30, 11064);
INSERT INTO "Production".LotxLines (LotId, LineId, ProductionQuantity, ProductionLost, Starttime, Finishtime, ProductionTesting, ProductionAmount) VALUES ('8TH5', 6, 8617, 213, CAST('17:37:51' AS Time), CAST('02:33:04' AS Time), 38, 10157);
INSERT INTO "Production".LotxLines (LotId, LineId, ProductionQuantity, ProductionLost, Starttime, Finishtime, ProductionTesting, ProductionAmount) VALUES ('8TH5', 9, 7613, 196, CAST('12:04:50' AS Time), CAST('18:21:47' AS Time), 49, 15349);
INSERT INTO "Production".LotxLines (LotId, LineId, ProductionQuantity, ProductionLost, Starttime, Finishtime, ProductionTesting, ProductionAmount) VALUES ('9D9H', 8, 4587, 299, CAST('03:03:02' AS Time), CAST('23:14:10' AS Time), 11, 12123);
INSERT INTO "Production".LotxLines (LotId, LineId, ProductionQuantity, ProductionLost, Starttime, Finishtime, ProductionTesting, ProductionAmount) VALUES ('9D9H', 10, 5126, 259, CAST('17:03:29' AS Time), CAST('17:20:15' AS Time), 47, 12803);
INSERT INTO "Production".LotxLines (LotId, LineId, ProductionQuantity, ProductionLost, Starttime, Finishtime, ProductionTesting, ProductionAmount) VALUES ('9NFX', 2, 8512, 34, CAST('14:29:57' AS Time), CAST('07:58:38' AS Time), 198, 9025);
INSERT INTO "Production".LotxLines (LotId, LineId, ProductionQuantity, ProductionLost, Starttime, Finishtime, ProductionTesting, ProductionAmount) VALUES ('9NFX', 3, 6695, 207, CAST('06:26:56' AS Time), CAST('14:30:21' AS Time), 195, 11374);
INSERT INTO "Production".LotxLines (LotId, LineId, ProductionQuantity, ProductionLost, Starttime, Finishtime, ProductionTesting, ProductionAmount) VALUES ('9NFX', 7, 7961, 118, CAST('02:08:36' AS Time), CAST('13:26:55' AS Time), 52, 12538);
INSERT INTO "Production".LotxLines (LotId, LineId, ProductionQuantity, ProductionLost, Starttime, Finishtime, ProductionTesting, ProductionAmount) VALUES ('AF49', 4, 8789, 117, CAST('17:31:19' AS Time), CAST('01:44:43' AS Time), 37, 12580);
INSERT INTO "Production".LotxLines (LotId, LineId, ProductionQuantity, ProductionLost, Starttime, Finishtime, ProductionTesting, ProductionAmount) VALUES ('AF49', 6, 5010, 119, CAST('21:55:09' AS Time), CAST('06:40:20' AS Time), 131, 15119);
INSERT INTO "Production".LotxLines (LotId, LineId, ProductionQuantity, ProductionLost, Starttime, Finishtime, ProductionTesting, ProductionAmount) VALUES ('ARW7', 1, 5337, 185, CAST('07:11:27' AS Time), CAST('03:36:51' AS Time), 197, 16460);
INSERT INTO "Production".LotxLines (LotId, LineId, ProductionQuantity, ProductionLost, Starttime, Finishtime, ProductionTesting, ProductionAmount) VALUES ('ARW7', 2, 7251, 250, CAST('02:48:22' AS Time), CAST('04:17:50' AS Time), 99, 13533);
INSERT INTO "Production".LotxLines (LotId, LineId, ProductionQuantity, ProductionLost, Starttime, Finishtime, ProductionTesting, ProductionAmount) VALUES ('BAXI', 7, 7868, 117, CAST('08:41:55' AS Time), CAST('06:27:18' AS Time), 32, 16202);
INSERT INTO "Production".LotxLines (LotId, LineId, ProductionQuantity, ProductionLost, Starttime, Finishtime, ProductionTesting, ProductionAmount) VALUES ('BAXI', 8, 5041, 171, CAST('05:45:09' AS Time), CAST('10:29:33' AS Time), 184, 9258);
INSERT INTO "Production".LotxLines (LotId, LineId, ProductionQuantity, ProductionLost, Starttime, Finishtime, ProductionTesting, ProductionAmount) VALUES ('C21J', 3, 7541, 30, CAST('14:24:10' AS Time), CAST('17:14:36' AS Time), 84, 16787);
INSERT INTO "Production".LotxLines (LotId, LineId, ProductionQuantity, ProductionLost, Starttime, Finishtime, ProductionTesting, ProductionAmount) VALUES ('C21J', 9, 7473, 131, CAST('10:47:06' AS Time), CAST('00:48:18' AS Time), 38, 16854);
INSERT INTO "Production".LotxLines (LotId, LineId, ProductionQuantity, ProductionLost, Starttime, Finishtime, ProductionTesting, ProductionAmount) VALUES ('C21J', 10, 8961, 200, CAST('23:57:49' AS Time), CAST('03:35:26' AS Time), 73, 11582);
INSERT INTO "Production".LotxLines (LotId, LineId, ProductionQuantity, ProductionLost, Starttime, Finishtime, ProductionTesting, ProductionAmount) VALUES ('C8P8', 3, 5483, 306, CAST('06:58:57' AS Time), CAST('12:02:40' AS Time), 48, 15697);
INSERT INTO "Production".LotxLines (LotId, LineId, ProductionQuantity, ProductionLost, Starttime, Finishtime, ProductionTesting, ProductionAmount) VALUES ('C8TJ', 2, 5840, 283, CAST('20:14:30' AS Time), CAST('12:03:28' AS Time), 107, 16218);
INSERT INTO "Production".LotxLines (LotId, LineId, ProductionQuantity, ProductionLost, Starttime, Finishtime, ProductionTesting, ProductionAmount) VALUES ('C8TJ', 4, 7644, 149, CAST('15:46:29' AS Time), CAST('17:02:35' AS Time), 152, 16473);
INSERT INTO "Production".LotxLines (LotId, LineId, ProductionQuantity, ProductionLost, Starttime, Finishtime, ProductionTesting, ProductionAmount) VALUES ('CDG7', 2, 8688, 136, CAST('09:35:18' AS Time), CAST('11:54:04' AS Time), 111, 8541);
INSERT INTO "Production".LotxLines (LotId, LineId, ProductionQuantity, ProductionLost, Starttime, Finishtime, ProductionTesting, ProductionAmount) VALUES ('CDG7', 5, 4733, 262, CAST('14:05:17' AS Time), CAST('21:16:57' AS Time), 51, 7302);
INSERT INTO "Production".LotxLines (LotId, LineId, ProductionQuantity, ProductionLost, Starttime, Finishtime, ProductionTesting, ProductionAmount) VALUES ('CSCA', 1, 8339, 313, CAST('11:56:56' AS Time), CAST('16:00:53' AS Time), 193, 9096);
INSERT INTO "Production".LotxLines (LotId, LineId, ProductionQuantity, ProductionLost, Starttime, Finishtime, ProductionTesting, ProductionAmount) VALUES ('CSCA', 6, 6761, 39, CAST('19:12:21' AS Time), CAST('04:44:53' AS Time), 84, 16158);
INSERT INTO "Production".LotxLines (LotId, LineId, ProductionQuantity, ProductionLost, Starttime, Finishtime, ProductionTesting, ProductionAmount) VALUES ('CSCA', 8, 8736, 45, CAST('11:54:16' AS Time), CAST('16:59:31' AS Time), 47, 10969);
INSERT INTO "Production".LotxLines (LotId, LineId, ProductionQuantity, ProductionLost, Starttime, Finishtime, ProductionTesting, ProductionAmount) VALUES ('DCKF', 10, 5954, 114, CAST('12:26:31' AS Time), CAST('13:47:25' AS Time), 50, 16719);
INSERT INTO "Production".LotxLines (LotId, LineId, ProductionQuantity, ProductionLost, Starttime, Finishtime, ProductionTesting, ProductionAmount) VALUES ('DDZ0', 7, 6658, 155, CAST('21:15:05' AS Time), CAST('00:13:28' AS Time), 171, 16287);
INSERT INTO "Production".LotxLines (LotId, LineId, ProductionQuantity, ProductionLost, Starttime, Finishtime, ProductionTesting, ProductionAmount) VALUES ('DDZ0', 8, 5307, 277, CAST('07:22:45' AS Time), CAST('08:27:21' AS Time), 104, 14935);
INSERT INTO "Production".LotxLines (LotId, LineId, ProductionQuantity, ProductionLost, Starttime, Finishtime, ProductionTesting, ProductionAmount) VALUES ('DKCD', 4, 7273, 268, CAST('21:26:10' AS Time), CAST('16:12:08' AS Time), 108, 16998);
INSERT INTO "Production".LotxLines (LotId, LineId, ProductionQuantity, ProductionLost, Starttime, Finishtime, ProductionTesting, ProductionAmount) VALUES ('EK9W', 3, 6857, 137, CAST('14:46:57' AS Time), CAST('11:16:27' AS Time), 46, 7449);
INSERT INTO "Production".LotxLines (LotId, LineId, ProductionQuantity, ProductionLost, Starttime, Finishtime, ProductionTesting, ProductionAmount) VALUES ('EK9W', 5, 8392, 186, CAST('02:21:06' AS Time), CAST('20:50:08' AS Time), 55, 16047);
INSERT INTO "Production".LotxLines (LotId, LineId, ProductionQuantity, ProductionLost, Starttime, Finishtime, ProductionTesting, ProductionAmount) VALUES ('F78W', 9, 7742, 255, CAST('11:01:24' AS Time), CAST('14:05:22' AS Time), 28, 15640);
INSERT INTO "Production".LotxLines (LotId, LineId, ProductionQuantity, ProductionLost, Starttime, Finishtime, ProductionTesting, ProductionAmount) VALUES ('FEOO', 2, 7164, 158, CAST('00:23:43' AS Time), CAST('10:55:41' AS Time), 57, 15437);
INSERT INTO "Production".LotxLines (LotId, LineId, ProductionQuantity, ProductionLost, Starttime, Finishtime, ProductionTesting, ProductionAmount) VALUES ('FEOO', 4, 6264, 32, CAST('18:29:33' AS Time), CAST('16:35:22' AS Time), 141, 12693);
INSERT INTO "Production".LotxLines (LotId, LineId, ProductionQuantity, ProductionLost, Starttime, Finishtime, ProductionTesting, ProductionAmount) VALUES ('GQ8Q', 5, 8356, 276, CAST('08:19:19' AS Time), CAST('17:29:17' AS Time), 83, 15042);
INSERT INTO "Production".LotxLines (LotId, LineId, ProductionQuantity, ProductionLost, Starttime, Finishtime, ProductionTesting, ProductionAmount) VALUES ('GURD', 1, 8568, 183, CAST('08:53:50' AS Time), CAST('11:23:49' AS Time), 11, 9928);
INSERT INTO "Production".LotxLines (LotId, LineId, ProductionQuantity, ProductionLost, Starttime, Finishtime, ProductionTesting, ProductionAmount) VALUES ('GURD', 9, 4087, 288, CAST('05:32:20' AS Time), CAST('11:00:47' AS Time), 117, 15929);
INSERT INTO "Production".LotxLines (LotId, LineId, ProductionQuantity, ProductionLost, Starttime, Finishtime, ProductionTesting, ProductionAmount) VALUES ('GURD', 10, 6287, 272, CAST('03:59:32' AS Time), CAST('07:46:19' AS Time), 66, 9004);
INSERT INTO "Production".LotxLines (LotId, LineId, ProductionQuantity, ProductionLost, Starttime, Finishtime, ProductionTesting, ProductionAmount) VALUES ('GZCA', 7, 6019, 248, CAST('02:34:21' AS Time), CAST('06:44:05' AS Time), 141, 16544);
INSERT INTO "Production".LotxLines (LotId, LineId, ProductionQuantity, ProductionLost, Starttime, Finishtime, ProductionTesting, ProductionAmount) VALUES ('GZCA', 8, 8946, 78, CAST('02:13:35' AS Time), CAST('13:16:57' AS Time), 14, 16661);
INSERT INTO "Production".LotxLines (LotId, LineId, ProductionQuantity, ProductionLost, Starttime, Finishtime, ProductionTesting, ProductionAmount) VALUES ('H7JH', 5, 8195, 303, CAST('05:22:16' AS Time), CAST('13:19:10' AS Time), 84, 12549);
INSERT INTO "Production".LotxLines (LotId, LineId, ProductionQuantity, ProductionLost, Starttime, Finishtime, ProductionTesting, ProductionAmount) VALUES ('HTD4', 2, 5652, 138, CAST('20:38:35' AS Time), CAST('23:59:49' AS Time), 183, 10834);
INSERT INTO "Production".LotxLines (LotId, LineId, ProductionQuantity, ProductionLost, Starttime, Finishtime, ProductionTesting, ProductionAmount) VALUES ('HTD4', 6, 6018, 256, CAST('10:53:03' AS Time), CAST('12:00:21' AS Time), 47, 11331);
INSERT INTO "Production".LotxLines (LotId, LineId, ProductionQuantity, ProductionLost, Starttime, Finishtime, ProductionTesting, ProductionAmount) VALUES ('HXKS', 1, 5337, 88, CAST('17:44:54' AS Time), CAST('12:58:47' AS Time), 89, 9204);
INSERT INTO "Production".LotxLines (LotId, LineId, ProductionQuantity, ProductionLost, Starttime, Finishtime, ProductionTesting, ProductionAmount) VALUES ('HXKS', 2, 6756, 169, CAST('12:21:34' AS Time), CAST('11:16:45' AS Time), 121, 15618);
INSERT INTO "Production".LotxLines (LotId, LineId, ProductionQuantity, ProductionLost, Starttime, Finishtime, ProductionTesting, ProductionAmount) VALUES ('I3ZE', 5, 8347, 126, CAST('20:10:33' AS Time), CAST('22:24:38' AS Time), 15, 11481);
INSERT INTO "Production".LotxLines (LotId, LineId, ProductionQuantity, ProductionLost, Starttime, Finishtime, ProductionTesting, ProductionAmount) VALUES ('I3ZE', 6, 7616, 309, CAST('06:38:32' AS Time), CAST('11:57:35' AS Time), 183, 8731);
INSERT INTO "Production".LotxLines (LotId, LineId, ProductionQuantity, ProductionLost, Starttime, Finishtime, ProductionTesting, ProductionAmount) VALUES ('I7H3', 1, 6816, 249, CAST('01:11:10' AS Time), CAST('12:42:17' AS Time), 56, 10246);
INSERT INTO "Production".LotxLines (LotId, LineId, ProductionQuantity, ProductionLost, Starttime, Finishtime, ProductionTesting, ProductionAmount) VALUES ('I7H3', 2, 5845, 288, CAST('18:00:54' AS Time), CAST('23:01:55' AS Time), 161, 13127);
INSERT INTO "Production".LotxLines (LotId, LineId, ProductionQuantity, ProductionLost, Starttime, Finishtime, ProductionTesting, ProductionAmount) VALUES ('I7H3', 3, 4655, 226, CAST('03:11:42' AS Time), CAST('13:27:36' AS Time), 78, 7850);
INSERT INTO "Production".LotxLines (LotId, LineId, ProductionQuantity, ProductionLost, Starttime, Finishtime, ProductionTesting, ProductionAmount) VALUES ('IIVZ', 4, 4381, 109, CAST('10:40:25' AS Time), CAST('13:09:51' AS Time), 128, 13487);
INSERT INTO "Production".LotxLines (LotId, LineId, ProductionQuantity, ProductionLost, Starttime, Finishtime, ProductionTesting, ProductionAmount) VALUES ('IWOE', 9, 4234, 299, CAST('08:03:49' AS Time), CAST('06:26:55' AS Time), 33, 12554);
INSERT INTO "Production".LotxLines (LotId, LineId, ProductionQuantity, ProductionLost, Starttime, Finishtime, ProductionTesting, ProductionAmount) VALUES ('IWOE', 10, 8932, 271, CAST('18:07:00' AS Time), CAST('12:01:37' AS Time), 92, 9626);
INSERT INTO "Production".LotxLines (LotId, LineId, ProductionQuantity, ProductionLost, Starttime, Finishtime, ProductionTesting, ProductionAmount) VALUES ('JT53', 4, 4019, 137, CAST('14:34:39' AS Time), CAST('05:34:09' AS Time), 110, 14028);
INSERT INTO "Production".LotxLines (LotId, LineId, ProductionQuantity, ProductionLost, Starttime, Finishtime, ProductionTesting, ProductionAmount) VALUES ('JT53', 7, 8705, 185, CAST('14:46:40' AS Time), CAST('01:59:09' AS Time), 150, 10866);
INSERT INTO "Production".LotxLines (LotId, LineId, ProductionQuantity, ProductionLost, Starttime, Finishtime, ProductionTesting, ProductionAmount) VALUES ('JVJ6', 6, 7183, 109, CAST('03:11:42' AS Time), CAST('13:56:28' AS Time), 128, 13487);
INSERT INTO "Production".LotxLines (LotId, LineId, ProductionQuantity, ProductionLost, Starttime, Finishtime, ProductionTesting, ProductionAmount) VALUES ('JVJ6', 9, 4381, 299, CAST('00:09:34' AS Time), CAST('11:57:35' AS Time), 197, 15361);
INSERT INTO "Production".LotxLines (LotId, LineId, ProductionQuantity, ProductionLost, Starttime, Finishtime, ProductionTesting, ProductionAmount) VALUES ('KOO3', 3, 7248, 188, CAST('00:50:46' AS Time), CAST('13:56:28' AS Time), 124, 14502);
INSERT INTO "Production".LotxLines (LotId, LineId, ProductionQuantity, ProductionLost, Starttime, Finishtime, ProductionTesting, ProductionAmount) VALUES ('KOO3', 5, 8374, 34, CAST('05:27:18' AS Time), CAST('05:12:57' AS Time), 8, 9895);
INSERT INTO "Production".LotxLines (LotId, LineId, ProductionQuantity, ProductionLost, Starttime, Finishtime, ProductionTesting, ProductionAmount) VALUES ('LFAU', 7, 6527, 299, CAST('06:34:17' AS Time), CAST('12:47:16' AS Time), 197, 9466);
INSERT INTO "Production".LotxLines (LotId, LineId, ProductionQuantity, ProductionLost, Starttime, Finishtime, ProductionTesting, ProductionAmount) VALUES ('LFAU', 8, 6092, 160, CAST('21:56:36' AS Time), CAST('14:01:53' AS Time), 105, 7391);
INSERT INTO "Production".LotxLines (LotId, LineId, ProductionQuantity, ProductionLost, Starttime, Finishtime, ProductionTesting, ProductionAmount) VALUES ('M2K6', 3, 7432, 142, CAST('13:59:54' AS Time), CAST('10:52:32' AS Time), 147, 8990);
INSERT INTO "Production".LotxLines (LotId, LineId, ProductionQuantity, ProductionLost, Starttime, Finishtime, ProductionTesting, ProductionAmount) VALUES ('M2K6', 8, 6397, 254, CAST('12:29:26' AS Time), CAST('17:43:33' AS Time), 54, 11255);
INSERT INTO "Production".LotxLines (LotId, LineId, ProductionQuantity, ProductionLost, Starttime, Finishtime, ProductionTesting, ProductionAmount) VALUES ('M2K6', 10, 7183, 122, CAST('18:59:16' AS Time), CAST('17:30:30' AS Time), 117, 8227);
INSERT INTO "Production".LotxLines (LotId, LineId, ProductionQuantity, ProductionLost, Starttime, Finishtime, ProductionTesting, ProductionAmount) VALUES ('MD9Y', 10, 6085, 250, CAST('08:07:06' AS Time), CAST('02:34:43' AS Time), 23, 7857);
INSERT INTO "Production".LotxLines (LotId, LineId, ProductionQuantity, ProductionLost, Starttime, Finishtime, ProductionTesting, ProductionAmount) VALUES ('MMYW', 1, 7214, 318, CAST('07:46:52' AS Time), CAST('21:21:51' AS Time), 73, 15361);
INSERT INTO "Production".LotxLines (LotId, LineId, ProductionQuantity, ProductionLost, Starttime, Finishtime, ProductionTesting, ProductionAmount) VALUES ('MMYW', 5, 7814, 92, CAST('00:09:34' AS Time), CAST('00:06:35' AS Time), 111, 8442);
INSERT INTO "Production".LotxLines (LotId, LineId, ProductionQuantity, ProductionLost, Starttime, Finishtime, ProductionTesting, ProductionAmount) VALUES ('MNHA', 3, 8111, 185, CAST('10:24:48' AS Time), CAST('23:38:18' AS Time), 157, 15763);
INSERT INTO "Production".LotxLines (LotId, LineId, ProductionQuantity, ProductionLost, Starttime, Finishtime, ProductionTesting, ProductionAmount) VALUES ('MNHA', 9, 5627, 247, CAST('14:14:45' AS Time), CAST('12:18:49' AS Time), 149, 16264);
INSERT INTO "Production".LotxLines (LotId, LineId, ProductionQuantity, ProductionLost, Starttime, Finishtime, ProductionTesting, ProductionAmount) VALUES ('MWVU', 2, 6732, 181, CAST('16:57:28' AS Time), CAST('23:10:29' AS Time), 162, 11103);
INSERT INTO "Production".LotxLines (LotId, LineId, ProductionQuantity, ProductionLost, Starttime, Finishtime, ProductionTesting, ProductionAmount) VALUES ('MWVU', 6, 4375, 244, CAST('09:55:30' AS Time), CAST('08:14:40' AS Time), 144, 13253);
INSERT INTO "Production".LotxLines (LotId, LineId, ProductionQuantity, ProductionLost, Starttime, Finishtime, ProductionTesting, ProductionAmount) VALUES ('NFN8', 7, 8040, 181, CAST('00:09:34' AS Time), CAST('06:37:53' AS Time), 100, 11103);
INSERT INTO "Production".LotxLines (LotId, LineId, ProductionQuantity, ProductionLost, Starttime, Finishtime, ProductionTesting, ProductionAmount) VALUES ('NFN8', 8, 7814, 78, CAST('13:07:12' AS Time), CAST('00:06:35' AS Time), 149, 11675);
INSERT INTO "Production".LotxLines (LotId, LineId, ProductionQuantity, ProductionLost, Starttime, Finishtime, ProductionTesting, ProductionAmount) VALUES ('NY9N', 1, 8369, 74, CAST('20:30:45' AS Time), CAST('02:12:20' AS Time), 44, 8547);
INSERT INTO "Production".LotxLines (LotId, LineId, ProductionQuantity, ProductionLost, Starttime, Finishtime, ProductionTesting, ProductionAmount) VALUES ('NY9N', 3, 6289, 171, CAST('15:15:54' AS Time), CAST('19:49:49' AS Time), 17, 14124);
INSERT INTO "Production".LotxLines (LotId, LineId, ProductionQuantity, ProductionLost, Starttime, Finishtime, ProductionTesting, ProductionAmount) VALUES ('OI16', 5, 7120, 258, CAST('11:49:53' AS Time), CAST('09:13:38' AS Time), 135, 15157);
INSERT INTO "Production".LotxLines (LotId, LineId, ProductionQuantity, ProductionLost, Starttime, Finishtime, ProductionTesting, ProductionAmount) VALUES ('OI16', 9, 5576, 78, CAST('13:07:12' AS Time), CAST('10:16:40' AS Time), 100, 9212);
INSERT INTO "Production".LotxLines (LotId, LineId, ProductionQuantity, ProductionLost, Starttime, Finishtime, ProductionTesting, ProductionAmount) VALUES ('P4A1', 10, 4835, 224, CAST('15:15:16' AS Time), CAST('06:37:53' AS Time), 9, 16063);
INSERT INTO "Production".LotxLines (LotId, LineId, ProductionQuantity, ProductionLost, Starttime, Finishtime, ProductionTesting, ProductionAmount) VALUES ('PBB9', 2, 6209, 258, CAST('14:03:38' AS Time), CAST('16:37:50' AS Time), 146, 11675);
INSERT INTO "Production".LotxLines (LotId, LineId, ProductionQuantity, ProductionLost, Starttime, Finishtime, ProductionTesting, ProductionAmount) VALUES ('PBB9', 4, 5387, 154, CAST('18:45:30' AS Time), CAST('06:15:17' AS Time), 176, 9405);
INSERT INTO "Production".LotxLines (LotId, LineId, ProductionQuantity, ProductionLost, Starttime, Finishtime, ProductionTesting, ProductionAmount) VALUES ('PS4A', 7, 8890, 240, CAST('18:00:00' AS Time), CAST('12:14:57' AS Time), 175, 14140);
INSERT INTO "Production".LotxLines (LotId, LineId, ProductionQuantity, ProductionLost, Starttime, Finishtime, ProductionTesting, ProductionAmount) VALUES ('PS4A', 10, 8040, 119, CAST('00:48:36' AS Time), CAST('12:15:17' AS Time), 132, 10595);
INSERT INTO "Production".LotxLines (LotId, LineId, ProductionQuantity, ProductionLost, Starttime, Finishtime, ProductionTesting, ProductionAmount) VALUES ('PWXM', 5, 4146, 73, CAST('01:08:53' AS Time), CAST('18:43:37' AS Time), 66, 7062);
INSERT INTO "Production".LotxLines (LotId, LineId, ProductionQuantity, ProductionLost, Starttime, Finishtime, ProductionTesting, ProductionAmount) VALUES ('Q6NQ', 1, 7493, 58, CAST('12:03:38' AS Time), CAST('21:36:04' AS Time), 25, 11721);
INSERT INTO "Production".LotxLines (LotId, LineId, ProductionQuantity, ProductionLost, Starttime, Finishtime, ProductionTesting, ProductionAmount) VALUES ('Q6NQ', 2, 7868, 65, CAST('09:51:25' AS Time), CAST('13:19:23' AS Time), 71, 10444);
INSERT INTO "Production".LotxLines (LotId, LineId, ProductionQuantity, ProductionLost, Starttime, Finishtime, ProductionTesting, ProductionAmount) VALUES ('RUJ2', 7, 5135, 201, CAST('04:13:24' AS Time), CAST('02:55:29' AS Time), 34, 10891);
INSERT INTO "Production".LotxLines (LotId, LineId, ProductionQuantity, ProductionLost, Starttime, Finishtime, ProductionTesting, ProductionAmount) VALUES ('RUJ2', 9, 4335, 276, CAST('19:02:11' AS Time), CAST('11:04:29' AS Time), 97, 15589);
INSERT INTO "Production".LotxLines (LotId, LineId, ProductionQuantity, ProductionLost, Starttime, Finishtime, ProductionTesting, ProductionAmount) VALUES ('RZF0', 1, 8178, 165, CAST('12:37:03' AS Time), CAST('18:00:33' AS Time), 124, 7601);
INSERT INTO "Production".LotxLines (LotId, LineId, ProductionQuantity, ProductionLost, Starttime, Finishtime, ProductionTesting, ProductionAmount) VALUES ('RZF0', 10, 8690, 207, CAST('13:14:24' AS Time), CAST('21:29:29' AS Time), 92, 8793);
INSERT INTO "Production".LotxLines (LotId, LineId, ProductionQuantity, ProductionLost, Starttime, Finishtime, ProductionTesting, ProductionAmount) VALUES ('SCSI', 4, 4704, 183, CAST('15:20:19' AS Time), CAST('13:09:55' AS Time), 178, 14833);
INSERT INTO "Production".LotxLines (LotId, LineId, ProductionQuantity, ProductionLost, Starttime, Finishtime, ProductionTesting, ProductionAmount) VALUES ('SCSI', 5, 8180, 187, CAST('17:52:12' AS Time), CAST('00:43:14' AS Time), 134, 14376);
INSERT INTO "Production".LotxLines (LotId, LineId, ProductionQuantity, ProductionLost, Starttime, Finishtime, ProductionTesting, ProductionAmount) VALUES ('SCSS', 6, 8770, 70, CAST('22:32:44' AS Time), CAST('18:01:51' AS Time), 94, 8814);
INSERT INTO "Production".LotxLines (LotId, LineId, ProductionQuantity, ProductionLost, Starttime, Finishtime, ProductionTesting, ProductionAmount) VALUES ('SCSS', 7, 4769, 64, CAST('23:59:47' AS Time), CAST('03:21:44' AS Time), 174, 16568);
INSERT INTO "Production".LotxLines (LotId, LineId, ProductionQuantity, ProductionLost, Starttime, Finishtime, ProductionTesting, ProductionAmount) VALUES ('SHN3', 8, 6534, 253, CAST('21:37:19' AS Time), CAST('07:36:20' AS Time), 126, 8458);
INSERT INTO "Production".LotxLines (LotId, LineId, ProductionQuantity, ProductionLost, Starttime, Finishtime, ProductionTesting, ProductionAmount) VALUES ('SHN3', 9, 5251, 316, CAST('01:31:23' AS Time), CAST('23:21:21' AS Time), 188, 7322);
INSERT INTO "Production".LotxLines (LotId, LineId, ProductionQuantity, ProductionLost, Starttime, Finishtime, ProductionTesting, ProductionAmount) VALUES ('SHOB', 2, 7854, 22, CAST('11:07:30' AS Time), CAST('08:42:46' AS Time), 160, 8429);
INSERT INTO "Production".LotxLines (LotId, LineId, ProductionQuantity, ProductionLost, Starttime, Finishtime, ProductionTesting, ProductionAmount) VALUES ('SHOB', 3, 5211, 118, CAST('21:56:00' AS Time), CAST('03:40:13' AS Time), 187, 11561);
INSERT INTO "Production".LotxLines (LotId, LineId, ProductionQuantity, ProductionLost, Starttime, Finishtime, ProductionTesting, ProductionAmount) VALUES ('STFE', 4, 8957, 35, CAST('07:39:28' AS Time), CAST('06:05:55' AS Time), 150, 9012);
INSERT INTO "Production".LotxLines (LotId, LineId, ProductionQuantity, ProductionLost, Starttime, Finishtime, ProductionTesting, ProductionAmount) VALUES ('STFE', 5, 8091, 216, CAST('00:12:11' AS Time), CAST('11:15:39' AS Time), 9, 13914);
INSERT INTO "Production".LotxLines (LotId, LineId, ProductionQuantity, ProductionLost, Starttime, Finishtime, ProductionTesting, ProductionAmount) VALUES ('T3UF', 10, 4132, 271, CAST('01:54:37' AS Time), CAST('22:00:46' AS Time), 153, 11473);
INSERT INTO "Production".LotxLines (LotId, LineId, ProductionQuantity, ProductionLost, Starttime, Finishtime, ProductionTesting, ProductionAmount) VALUES ('TGOE', 1, 7619, 139, CAST('21:03:21' AS Time), CAST('05:47:16' AS Time), 148, 12022);
INSERT INTO "Production".LotxLines (LotId, LineId, ProductionQuantity, ProductionLost, Starttime, Finishtime, ProductionTesting, ProductionAmount) VALUES ('TGOE', 6, 4736, 65, CAST('05:57:44' AS Time), CAST('19:11:56' AS Time), 121, 13261);
INSERT INTO "Production".LotxLines (LotId, LineId, ProductionQuantity, ProductionLost, Starttime, Finishtime, ProductionTesting, ProductionAmount) VALUES ('TMDC', 7, 4577, 280, CAST('20:52:10' AS Time), CAST('13:07:19' AS Time), 37, 10967);
INSERT INTO "Production".LotxLines (LotId, LineId, ProductionQuantity, ProductionLost, Starttime, Finishtime, ProductionTesting, ProductionAmount) VALUES ('TMDC', 9, 4711, 249, CAST('10:17:24' AS Time), CAST('11:16:36' AS Time), 11, 15514);
INSERT INTO "Production".LotxLines (LotId, LineId, ProductionQuantity, ProductionLost, Starttime, Finishtime, ProductionTesting, ProductionAmount) VALUES ('TMH5', 2, 8460, 172, CAST('10:45:32' AS Time), CAST('00:02:32' AS Time), 187, 14983);
INSERT INTO "Production".LotxLines (LotId, LineId, ProductionQuantity, ProductionLost, Starttime, Finishtime, ProductionTesting, ProductionAmount) VALUES ('TMH5', 4, 6141, 26, CAST('06:25:59' AS Time), CAST('03:01:44' AS Time), 91, 16468);
INSERT INTO "Production".LotxLines (LotId, LineId, ProductionQuantity, ProductionLost, Starttime, Finishtime, ProductionTesting, ProductionAmount) VALUES ('TQPZ', 6, 7403, 26, CAST('21:28:16' AS Time), CAST('20:37:28' AS Time), 4, 11036);
INSERT INTO "Production".LotxLines (LotId, LineId, ProductionQuantity, ProductionLost, Starttime, Finishtime, ProductionTesting, ProductionAmount) VALUES ('TQPZ', 8, 7229, 83, CAST('02:32:10' AS Time), CAST('04:52:04' AS Time), 79, 15286);
INSERT INTO "Production".LotxLines (LotId, LineId, ProductionQuantity, ProductionLost, Starttime, Finishtime, ProductionTesting, ProductionAmount) VALUES ('TRI3', 1, 4444, 148, CAST('23:12:26' AS Time), CAST('21:22:14' AS Time), 7, 13441);
INSERT INTO "Production".LotxLines (LotId, LineId, ProductionQuantity, ProductionLost, Starttime, Finishtime, ProductionTesting, ProductionAmount) VALUES ('TRI3', 3, 8243, 216, CAST('03:56:14' AS Time), CAST('16:02:12' AS Time), 31, 16327);
INSERT INTO "Production".LotxLines (LotId, LineId, ProductionQuantity, ProductionLost, Starttime, Finishtime, ProductionTesting, ProductionAmount) VALUES ('TTXM', 9, 8057, 217, CAST('06:37:53' AS Time), CAST('12:22:36' AS Time), 55, 15055);
INSERT INTO "Production".LotxLines (LotId, LineId, ProductionQuantity, ProductionLost, Starttime, Finishtime, ProductionTesting, ProductionAmount) VALUES ('TTXM', 10, 5203, 26, CAST('05:31:40' AS Time), CAST('04:42:50' AS Time), 185, 13838);
INSERT INTO "Production".LotxLines (LotId, LineId, ProductionQuantity, ProductionLost, Starttime, Finishtime, ProductionTesting, ProductionAmount) VALUES ('TUQC', 1, 7526, 73, CAST('18:18:02' AS Time), CAST('11:41:06' AS Time), 173, 15182);
INSERT INTO "Production".LotxLines (LotId, LineId, ProductionQuantity, ProductionLost, Starttime, Finishtime, ProductionTesting, ProductionAmount) VALUES ('TUQC', 2, 8346, 283, CAST('01:03:21' AS Time), CAST('12:47:31' AS Time), 141, 16430);
INSERT INTO "Production".LotxLines (LotId, LineId, ProductionQuantity, ProductionLost, Starttime, Finishtime, ProductionTesting, ProductionAmount) VALUES ('TUQC', 3, 5484, 210, CAST('05:29:07' AS Time), CAST('12:07:45' AS Time), 105, 16388);
INSERT INTO "Production".LotxLines (LotId, LineId, ProductionQuantity, ProductionLost, Starttime, Finishtime, ProductionTesting, ProductionAmount) VALUES ('TUQC', 4, 8533, 270, CAST('05:36:03' AS Time), CAST('07:28:47' AS Time), 135, 9200);
INSERT INTO "Production".LotxLines (LotId, LineId, ProductionQuantity, ProductionLost, Starttime, Finishtime, ProductionTesting, ProductionAmount) VALUES ('U06H', 7, 7284, 203, CAST('06:08:32' AS Time), CAST('07:39:17' AS Time), 130, 9317);
INSERT INTO "Production".LotxLines (LotId, LineId, ProductionQuantity, ProductionLost, Starttime, Finishtime, ProductionTesting, ProductionAmount) VALUES ('U06H', 8, 8358, 307, CAST('09:28:53' AS Time), CAST('03:46:40' AS Time), 127, 14188);
INSERT INTO "Production".LotxLines (LotId, LineId, ProductionQuantity, ProductionLost, Starttime, Finishtime, ProductionTesting, ProductionAmount) VALUES ('URGT', 4, 6189, 254, CAST('15:09:35' AS Time), CAST('08:29:56' AS Time), 186, 12593);
INSERT INTO "Production".LotxLines (LotId, LineId, ProductionQuantity, ProductionLost, Starttime, Finishtime, ProductionTesting, ProductionAmount) VALUES ('URGT', 8, 5252, 131, CAST('22:01:11' AS Time), CAST('18:53:40' AS Time), 58, 15807);
INSERT INTO "Production".LotxLines (LotId, LineId, ProductionQuantity, ProductionLost, Starttime, Finishtime, ProductionTesting, ProductionAmount) VALUES ('URGT', 10, 8486, 112, CAST('16:44:47' AS Time), CAST('19:33:45' AS Time), 4, 8512);
INSERT INTO "Production".LotxLines (LotId, LineId, ProductionQuantity, ProductionLost, Starttime, Finishtime, ProductionTesting, ProductionAmount) VALUES ('UUOI', 2, 6313, 53, CAST('22:54:41' AS Time), CAST('15:40:59' AS Time), 97, 9617);
INSERT INTO "Production".LotxLines (LotId, LineId, ProductionQuantity, ProductionLost, Starttime, Finishtime, ProductionTesting, ProductionAmount) VALUES ('UUOI', 5, 7460, 282, CAST('13:14:43' AS Time), CAST('01:59:29' AS Time), 198, 9176);
INSERT INTO "Production".LotxLines (LotId, LineId, ProductionQuantity, ProductionLost, Starttime, Finishtime, ProductionTesting, ProductionAmount) VALUES ('UZIV', 3, 5123, 221, CAST('18:05:30' AS Time), CAST('05:40:48' AS Time), 23, 16852);
INSERT INTO "Production".LotxLines (LotId, LineId, ProductionQuantity, ProductionLost, Starttime, Finishtime, ProductionTesting, ProductionAmount) VALUES ('UZIV', 8, 4228, 262, CAST('16:53:35' AS Time), CAST('15:29:12' AS Time), 10, 15985);
INSERT INTO "Production".LotxLines (LotId, LineId, ProductionQuantity, ProductionLost, Starttime, Finishtime, ProductionTesting, ProductionAmount) VALUES ('V2NH', 7, 5717, 59, CAST('12:56:33' AS Time), CAST('11:19:35' AS Time), 24, 12601);
INSERT INTO "Production".LotxLines (LotId, LineId, ProductionQuantity, ProductionLost, Starttime, Finishtime, ProductionTesting, ProductionAmount) VALUES ('V2NH', 10, 7764, 162, CAST('22:00:31' AS Time), CAST('13:11:52' AS Time), 181, 16561);
INSERT INTO "Production".LotxLines (LotId, LineId, ProductionQuantity, ProductionLost, Starttime, Finishtime, ProductionTesting, ProductionAmount) VALUES ('VCKU', 1, 8963, 180, CAST('14:01:11' AS Time), CAST('12:31:47' AS Time), 122, 9702);
INSERT INTO "Production".LotxLines (LotId, LineId, ProductionQuantity, ProductionLost, Starttime, Finishtime, ProductionTesting, ProductionAmount) VALUES ('VCKU', 4, 5473, 249, CAST('14:30:07' AS Time), CAST('00:21:55' AS Time), 39, 12096);
INSERT INTO "Production".LotxLines (LotId, LineId, ProductionQuantity, ProductionLost, Starttime, Finishtime, ProductionTesting, ProductionAmount) VALUES ('VNCY', 5, 8675, 49, CAST('06:22:52' AS Time), CAST('16:55:48' AS Time), 146, 14391);
INSERT INTO "Production".LotxLines (LotId, LineId, ProductionQuantity, ProductionLost, Starttime, Finishtime, ProductionTesting, ProductionAmount) VALUES ('VNCY', 7, 7231, 40, CAST('15:34:32' AS Time), CAST('02:23:42' AS Time), 129, 12880);
INSERT INTO "Production".LotxLines (LotId, LineId, ProductionQuantity, ProductionLost, Starttime, Finishtime, ProductionTesting, ProductionAmount) VALUES ('VU4P', 2, 8461, 280, CAST('06:27:17' AS Time), CAST('09:36:54' AS Time), 51, 8976);
INSERT INTO "Production".LotxLines (LotId, LineId, ProductionQuantity, ProductionLost, Starttime, Finishtime, ProductionTesting, ProductionAmount) VALUES ('VU4P', 9, 6669, 128, CAST('08:04:31' AS Time), CAST('19:06:39' AS Time), 1, 9980);
INSERT INTO "Production".LotxLines (LotId, LineId, ProductionQuantity, ProductionLost, Starttime, Finishtime, ProductionTesting, ProductionAmount) VALUES ('X1L5', 1, 7186, 273, CAST('10:05:44' AS Time), CAST('14:45:22' AS Time), 189, 12853);
INSERT INTO "Production".LotxLines (LotId, LineId, ProductionQuantity, ProductionLost, Starttime, Finishtime, ProductionTesting, ProductionAmount) VALUES ('X1L5', 8, 4150, 86, CAST('11:04:41' AS Time), CAST('19:55:09' AS Time), 21, 7337);
INSERT INTO "Production".LotxLines (LotId, LineId, ProductionQuantity, ProductionLost, Starttime, Finishtime, ProductionTesting, ProductionAmount) VALUES ('X2YK', 3, 6087, 38, CAST('18:55:24' AS Time), CAST('03:01:52' AS Time), 58, 11416);
INSERT INTO "Production".LotxLines (LotId, LineId, ProductionQuantity, ProductionLost, Starttime, Finishtime, ProductionTesting, ProductionAmount) VALUES ('X2YK', 6, 7441, 225, CAST('01:06:51' AS Time), CAST('21:35:40' AS Time), 91, 16916);
INSERT INTO "Production".LotxLines (LotId, LineId, ProductionQuantity, ProductionLost, Starttime, Finishtime, ProductionTesting, ProductionAmount) VALUES ('X3XK', 10, 5929, 111, CAST('17:07:39' AS Time), CAST('02:11:44' AS Time), 131, 16511);
INSERT INTO "Production".LotxLines (LotId, LineId, ProductionQuantity, ProductionLost, Starttime, Finishtime, ProductionTesting, ProductionAmount) VALUES ('X9ZG', 5, 5689, 261, CAST('08:29:03' AS Time), CAST('22:11:56' AS Time), 129, 15792);
INSERT INTO "Production".LotxLines (LotId, LineId, ProductionQuantity, ProductionLost, Starttime, Finishtime, ProductionTesting, ProductionAmount) VALUES ('X9ZG', 9, 8563, 93, CAST('08:34:00' AS Time), CAST('07:32:10' AS Time), 97, 13856);
INSERT INTO "Production".LotxLines (LotId, LineId, ProductionQuantity, ProductionLost, Starttime, Finishtime, ProductionTesting, ProductionAmount) VALUES ('XEXN', 2, 8618, 101, CAST('09:42:30' AS Time), CAST('22:49:20' AS Time), 111, 8850);
INSERT INTO "Production".LotxLines (LotId, LineId, ProductionQuantity, ProductionLost, Starttime, Finishtime, ProductionTesting, ProductionAmount) VALUES ('XEXN', 7, 8520, 28, CAST('01:02:49' AS Time), CAST('09:44:11' AS Time), 21, 8667);
INSERT INTO "Production".LotxLines (LotId, LineId, ProductionQuantity, ProductionLost, Starttime, Finishtime, ProductionTesting, ProductionAmount) VALUES ('XIGZ', 1, 5182, 101, CAST('19:15:45' AS Time), CAST('09:18:25' AS Time), 70, 8368);
INSERT INTO "Production".LotxLines (LotId, LineId, ProductionQuantity, ProductionLost, Starttime, Finishtime, ProductionTesting, ProductionAmount) VALUES ('XIGZ', 4, 4119, 105, CAST('11:08:21' AS Time), CAST('09:05:09' AS Time), 127, 8436);
INSERT INTO "Production".LotxLines (LotId, LineId, ProductionQuantity, ProductionLost, Starttime, Finishtime, ProductionTesting, ProductionAmount) VALUES ('XPVN', 7, 6080, 309, CAST('19:15:55' AS Time), CAST('22:04:41' AS Time), 123, 16421);
INSERT INTO "Production".LotxLines (LotId, LineId, ProductionQuantity, ProductionLost, Starttime, Finishtime, ProductionTesting, ProductionAmount) VALUES ('XPVN', 8, 6932, 210, CAST('11:49:40' AS Time), CAST('11:22:37' AS Time), 30, 13493);
INSERT INTO "Production".LotxLines (LotId, LineId, ProductionQuantity, ProductionLost, Starttime, Finishtime, ProductionTesting, ProductionAmount) VALUES ('Y0FQ', 9, 4372, 23, CAST('11:20:56' AS Time), CAST('03:06:55' AS Time), 4, 10403);
INSERT INTO "Production".LotxLines (LotId, LineId, ProductionQuantity, ProductionLost, Starttime, Finishtime, ProductionTesting, ProductionAmount) VALUES ('YJ1P', 1, 8212, 297, CAST('20:17:47' AS Time), CAST('21:21:12' AS Time), 185, 11969);
INSERT INTO "Production".LotxLines (LotId, LineId, ProductionQuantity, ProductionLost, Starttime, Finishtime, ProductionTesting, ProductionAmount) VALUES ('YJ1P', 10, 8837, 302, CAST('10:48:01' AS Time), CAST('16:25:54' AS Time), 125, 8383);
INSERT INTO "Production".LotxLines (LotId, LineId, ProductionQuantity, ProductionLost, Starttime, Finishtime, ProductionTesting, ProductionAmount) VALUES ('YOAH', 2, 6108, 286, CAST('09:56:38' AS Time), CAST('23:16:22' AS Time), 8, 12075);
INSERT INTO "Production".LotxLines (LotId, LineId, ProductionQuantity, ProductionLost, Starttime, Finishtime, ProductionTesting, ProductionAmount) VALUES ('YOAH', 3, 5403, 278, CAST('21:48:50' AS Time), CAST('09:39:30' AS Time), 166, 9307);
INSERT INTO "Production".LotxLines (LotId, LineId, ProductionQuantity, ProductionLost, Starttime, Finishtime, ProductionTesting, ProductionAmount) VALUES ('YUN6', 1, 7994, 105, CAST('04:41:51' AS Time), CAST('20:55:47' AS Time), 94, 13916);
INSERT INTO "Production".LotxLines (LotId, LineId, ProductionQuantity, ProductionLost, Starttime, Finishtime, ProductionTesting, ProductionAmount) VALUES ('YUN6', 5, 8015, 156, CAST('17:40:49' AS Time), CAST('20:22:36' AS Time), 29, 15952);
INSERT INTO "Production".LotxLines (LotId, LineId, ProductionQuantity, ProductionLost, Starttime, Finishtime, ProductionTesting, ProductionAmount) VALUES ('YUN6', 8, 4299, 252, CAST('08:53:22' AS Time), CAST('14:27:06' AS Time), 55, 14394);


INSERT INTO  "Production".Process (processid, lotid, lineid, sequence, status) VALUES ('P00001','02U1',1,1,'S');
INSERT INTO  "Production".Process (processid, lotid, lineid, sequence, status) VALUES ('P00002','02U1',1,1,'P');
INSERT INTO  "Production".Process (processid, lotid, lineid, sequence, status) VALUES ('P00003','02U1',2,3,'S');
INSERT INTO  "Production".Process (processid, lotid, lineid, sequence, status) VALUES ('P00004','02U1',2,1,'P');
INSERT INTO  "Production".Process (processid, lotid, lineid, sequence, status) VALUES ('P00005','07FH',1,1,'S');
INSERT INTO  "Production".Process (processid, lotid, lineid, sequence, status) VALUES ('P00006','07FH',3,2,'S');
INSERT INTO  "Production".Process (processid, lotid, lineid, sequence, status) VALUES ('P00007','17H2',1,6,'S');
INSERT INTO  "Production".Process (processid, lotid, lineid, sequence, status) VALUES ('P00008','17H2',1,7,'P');
INSERT INTO  "Production".Process (processid, lotid, lineid, sequence, status) VALUES ('P00009','17H2',1,8,'F');
INSERT INTO  "Production".Process (processid, lotid, lineid, sequence, status) VALUES ('P00010','17H2',2,1,'S');
INSERT INTO  "Production".Process (processid, lotid, lineid, sequence, status) VALUES ('P00011','17H2',4,1,'S');
INSERT INTO  "Production".Process (processid, lotid, lineid, sequence, status) VALUES ('P00012','17H2',4,3,'P');
INSERT INTO  "Production".Process (processid, lotid, lineid, sequence, status) VALUES ('P00013','1WIE',8,1,'S');
INSERT INTO  "Production".Process (processid, lotid, lineid, sequence, status) VALUES ('P00014','2FJ4',5,1,'S');
INSERT INTO  "Production".Process (processid, lotid, lineid, sequence, status) VALUES ('P00015','2FJ4',6,5,'S');
INSERT INTO  "Production".Process (processid, lotid, lineid, sequence, status) VALUES ('P00016','02U1',1,3,'S');
INSERT INTO  "Production".Process (processid, lotid, lineid, sequence, status) VALUES ('P00017','350P',7,7,'S');
INSERT INTO  "Production".Process (processid, lotid, lineid, sequence, status) VALUES ('P00018','350P',7,1,'P');
INSERT INTO  "Production".Process (processid, lotid, lineid, sequence, status) VALUES ('P00019','350P',9,7,'S');
INSERT INTO  "Production".Process (processid, lotid, lineid, sequence, status) VALUES ('P00020','35RT',1,1,'S');
INSERT INTO  "Production".Process (processid, lotid, lineid, sequence, status) VALUES ('P00021','35RT',1,4,'P');
INSERT INTO  "Production".Process (processid, lotid, lineid, sequence, status) VALUES ('P00022','35RT',1,1,'F');
INSERT INTO  "Production".Process (processid, lotid, lineid, sequence, status) VALUES ('P00023','35RT',2,1,'S');
INSERT INTO  "Production".Process (processid, lotid, lineid, sequence, status) VALUES ('P00024','35RT',6,2,'S');
INSERT INTO  "Production".Process (processid, lotid, lineid, sequence, status) VALUES ('P00025','36NT',6,1,'P');
INSERT INTO  "Production".Process (processid, lotid, lineid, sequence, status) VALUES ('P00026','36NT',6,1,'F');
INSERT INTO  "Production".Process (processid, lotid, lineid, sequence, status) VALUES ('P00027','3DSX',9,16,'S');
INSERT INTO  "Production".Process (processid, lotid, lineid, sequence, status) VALUES ('P00028','3DSX',10,1,'S');
INSERT INTO  "Production".Process (processid, lotid, lineid, sequence, status) VALUES ('P00029','3DSX',10,1,'P');
INSERT INTO  "Production".Process (processid, lotid, lineid, sequence, status) VALUES ('P00030','3Z5B',2,4,'S');
INSERT INTO  "Production".Process (processid, lotid, lineid, sequence, status) VALUES ('P00031','3Z5B',2,5,'P');
INSERT INTO  "Production".Process (processid, lotid, lineid, sequence, status) VALUES ('P00032','3Z5B',3,1,'S');
INSERT INTO  "Production".Process (processid, lotid, lineid, sequence, status) VALUES ('P00033','444I',6,7,'S');
INSERT INTO  "Production".Process (processid, lotid, lineid, sequence, status) VALUES ('P00034','444I',6,4,'P');
INSERT INTO  "Production".Process (processid, lotid, lineid, sequence, status) VALUES ('P00035','444I',9,2,'S');
INSERT INTO  "Production".Process (processid, lotid, lineid, sequence, status) VALUES ('P00036','5URQ',2,1,'S');
INSERT INTO  "Production".Process (processid, lotid, lineid, sequence, status) VALUES ('P00037','5URQ',5,3,'S');
INSERT INTO  "Production".Process (processid, lotid, lineid, sequence, status) VALUES ('P00038','5URQ',2,6,'S');
INSERT INTO  "Production".Process (processid, lotid, lineid, sequence, status) VALUES ('P00039','5URQ',5,4,'P');
INSERT INTO  "Production".Process (processid, lotid, lineid, sequence, status) VALUES ('P00040','6AZ3',2,1,'S');
INSERT INTO  "Production".Process (processid, lotid, lineid, sequence, status) VALUES ('P00041','6AZ3',2,3,'P');
INSERT INTO  "Production".Process (processid, lotid, lineid, sequence, status) VALUES ('P00042','6H51',1,1,'S');
INSERT INTO  "Production".Process (processid, lotid, lineid, sequence, status) VALUES ('P00043','6H51',1,2,'P');
INSERT INTO  "Production".Process (processid, lotid, lineid, sequence, status) VALUES ('P00044','6H51',1,3,'F');
INSERT INTO  "Production".Process (processid, lotid, lineid, sequence, status) VALUES ('P00045','6J3V',4,1,'S');
INSERT INTO  "Production".Process (processid, lotid, lineid, sequence, status) VALUES ('P00046','6J3V',4,1,'P');
INSERT INTO  "Production".Process (processid, lotid, lineid, sequence, status) VALUES ('P00047','7DCU',5,1,'S');
INSERT INTO  "Production".Process (processid, lotid, lineid, sequence, status) VALUES ('P00048','7DCU',5,3,'P');
INSERT INTO  "Production".Process (processid, lotid, lineid, sequence, status) VALUES ('P00049','7DCU',5,4,'F');
INSERT INTO  "Production".Process (processid, lotid, lineid, sequence, status) VALUES ('P00050','7DCU',8,2,'S');
INSERT INTO  "Production".Process (processid, lotid, lineid, sequence, status) VALUES ('P00051','7XSJ',10,1,'S');
INSERT INTO  "Production".Process (processid, lotid, lineid, sequence, status) VALUES ('P00052','7XSJ',10,3,'P');
INSERT INTO  "Production".Process (processid, lotid, lineid, sequence, status) VALUES ('P00053','802K',9,1,'S');
INSERT INTO  "Production".Process (processid, lotid, lineid, sequence, status) VALUES ('P00054','802K',9,1,'P');
INSERT INTO  "Production".Process (processid, lotid, lineid, sequence, status) VALUES ('P00055','802K',3,5,'S');
INSERT INTO  "Production".Process (processid, lotid, lineid, sequence, status) VALUES ('P00056','80YA',7,2,'S');
INSERT INTO  "Production".Process (processid, lotid, lineid, sequence, status) VALUES ('P00057','80YA',7,1,'P');
INSERT INTO  "Production".Process (processid, lotid, lineid, sequence, status) VALUES ('P00058','80YA',9,2,'S');
INSERT INTO  "Production".Process (processid, lotid, lineid, sequence, status) VALUES ('P00059','80YA',10,1,'S');
INSERT INTO  "Production".Process (processid, lotid, lineid, sequence, status) VALUES ('P00060','80YA',10,2,'P');
INSERT INTO  "Production".Process (processid, lotid, lineid, sequence, status) VALUES ('P00061','8NWX',1,1,'S');
INSERT INTO  "Production".Process (processid, lotid, lineid, sequence, status) VALUES ('P00062','8NWX',1,2,'P');
INSERT INTO  "Production".Process (processid, lotid, lineid, sequence, status) VALUES ('P00063','8NWX',1,3,'F');
INSERT INTO  "Production".Process (processid, lotid, lineid, sequence, status) VALUES ('P00064','8OZS',3,4,'S');
INSERT INTO  "Production".Process (processid, lotid, lineid, sequence, status) VALUES ('P00065','8OZS',3,1,'P');
INSERT INTO  "Production".Process (processid, lotid, lineid, sequence, status) VALUES ('P00066','8OZS',5,4,'S');
INSERT INTO  "Production".Process (processid, lotid, lineid, sequence, status) VALUES ('P00067','8QVI',8,3,'P');
INSERT INTO  "Production".Process (processid, lotid, lineid, sequence, status) VALUES ('P00068','8QVI',8,4,'F');
INSERT INTO  "Production".Process (processid, lotid, lineid, sequence, status) VALUES ('P00069','8QVI',7,5,'S');
INSERT INTO  "Production".Process (processid, lotid, lineid, sequence, status) VALUES ('P00070','8QVI',7,1,'P');
INSERT INTO  "Production".Process (processid, lotid, lineid, sequence, status) VALUES ('P00071','8TH5',2,4,'S');
INSERT INTO  "Production".Process (processid, lotid, lineid, sequence, status) VALUES ('P00072','8TH5',6,2,'S');
INSERT INTO  "Production".Process (processid, lotid, lineid, sequence, status) VALUES ('P00073','8TH5',9,3,'S');
INSERT INTO  "Production".Process (processid, lotid, lineid, sequence, status) VALUES ('P00074','9D9H',8,2,'P');
INSERT INTO  "Production".Process (processid, lotid, lineid, sequence, status) VALUES ('P00075','9D9H',8,1,'P');
INSERT INTO  "Production".Process (processid, lotid, lineid, sequence, status) VALUES ('P00076','9D9H',8,4,'F');
INSERT INTO  "Production".Process (processid, lotid, lineid, sequence, status) VALUES ('P00077','9D9H',10,1,'P');
INSERT INTO  "Production".Process (processid, lotid, lineid, sequence, status) VALUES ('P00078','9D9H',10,3,'F');
INSERT INTO  "Production".Process (processid, lotid, lineid, sequence, status) VALUES ('P00079','9NFX',2,6,'S');
INSERT INTO  "Production".Process (processid, lotid, lineid, sequence, status) VALUES ('P00080','9NFX',2,6,'P');
INSERT INTO  "Production".Process (processid, lotid, lineid, sequence, status) VALUES ('P00081','9NFX',2,5,'S');
INSERT INTO  "Production".Process (processid, lotid, lineid, sequence, status) VALUES ('P00082','9NFX',3,4,'S');
INSERT INTO  "Production".Process (processid, lotid, lineid, sequence, status) VALUES ('P00083','AF49',4,1,'S');
INSERT INTO  "Production".Process (processid, lotid, lineid, sequence, status) VALUES ('P00084','AF49',6,2,'S');
INSERT INTO  "Production".Process (processid, lotid, lineid, sequence, status) VALUES ('P00085','AF49',6,6,'P');
INSERT INTO  "Production".Process (processid, lotid, lineid, sequence, status) VALUES ('P00086','AF49',4,5,'P');
INSERT INTO  "Production".Process (processid, lotid, lineid, sequence, status) VALUES ('P00087','AF49',4,2,'F');
INSERT INTO  "Production".Process (processid, lotid, lineid, sequence, status) VALUES ('P00088','ARW7',1,1,'S');
INSERT INTO  "Production".Process (processid, lotid, lineid, sequence, status) VALUES ('P00089','ARW7',1,3,'P');
INSERT INTO  "Production".Process (processid, lotid, lineid, sequence, status) VALUES ('P00090','ARW7',1,4,'F');
INSERT INTO  "Production".Process (processid, lotid, lineid, sequence, status) VALUES ('P00091','ARW7',1,5,'F');
INSERT INTO  "Production".Process (processid, lotid, lineid, sequence, status) VALUES ('P00092','ARW7',1,6,'F');
INSERT INTO  "Production".Process (processid, lotid, lineid, sequence, status) VALUES ('P00093','ARW7',2,4,'S');
INSERT INTO  "Production".Process (processid, lotid, lineid, sequence, status) VALUES ('P00094','BAXI',7,1,'P');
INSERT INTO  "Production".Process (processid, lotid, lineid, sequence, status) VALUES ('P00095','BAXI',7,2,'P');
INSERT INTO  "Production".Process (processid, lotid, lineid, sequence, status) VALUES ('P00096','BAXI',8,1,'S');
INSERT INTO  "Production".Process (processid, lotid, lineid, sequence, status) VALUES ('P00097','BAXI',8,2,'S');
INSERT INTO  "Production".Process (processid, lotid, lineid, sequence, status) VALUES ('P00098','C21J',3,1,'S');
INSERT INTO  "Production".Process (processid, lotid, lineid, sequence, status) VALUES ('P00099','C21J',9,1,'S');
INSERT INTO  "Production".Process (processid, lotid, lineid, sequence, status) VALUES ('P00100','C21J',10,4,'S');
INSERT INTO  "Production".Process (processid, lotid, lineid, sequence, status) VALUES ('P00101','C21J',3,1,'P');
INSERT INTO  "Production".Process (processid, lotid, lineid, sequence, status) VALUES ('P00102','C21J',9,2,'P');
INSERT INTO  "Production".Process (processid, lotid, lineid, sequence, status) VALUES ('P00103','C21J',10,1,'P');
INSERT INTO  "Production".Process (processid, lotid, lineid, sequence, status) VALUES ('P00104','C21J',3,3,'F');
INSERT INTO  "Production".Process (processid, lotid, lineid, sequence, status) VALUES ('P00105','C8P8',3,1,'S');
INSERT INTO  "Production".Process (processid, lotid, lineid, sequence, status) VALUES ('P00106','C8P8',3,2,'P');
INSERT INTO  "Production".Process (processid, lotid, lineid, sequence, status) VALUES ('P00107','C8P8',3,3,'F');
INSERT INTO  "Production".Process (processid, lotid, lineid, sequence, status) VALUES ('P00108','C8TJ',2,2,'P');
INSERT INTO  "Production".Process (processid, lotid, lineid, sequence, status) VALUES ('P00109','C8TJ',2,4,'F');
INSERT INTO  "Production".Process (processid, lotid, lineid, sequence, status) VALUES ('P00110','C8TJ',4,2,'S');
INSERT INTO  "Production".Process (processid, lotid, lineid, sequence, status) VALUES ('P00111','C8TJ',4,1,'P');
INSERT INTO  "Production".Process (processid, lotid, lineid, sequence, status) VALUES ('P00112','C8TJ',2,5,'S');
INSERT INTO  "Production".Process (processid, lotid, lineid, sequence, status) VALUES ('P00113','C8TJ',2,3,'S');
INSERT INTO  "Production".Process (processid, lotid, lineid, sequence, status) VALUES ('P00114','CDG7',2,1,'P');
INSERT INTO  "Production".Process (processid, lotid, lineid, sequence, status) VALUES ('P00115','CDG7',2,3,'P');
INSERT INTO  "Production".Process (processid, lotid, lineid, sequence, status) VALUES ('P00116','CDG7',5,1,'S');
INSERT INTO  "Production".Process (processid, lotid, lineid, sequence, status) VALUES ('P00117','CDG7',5,4,'S');
INSERT INTO  "Production".Process (processid, lotid, lineid, sequence, status) VALUES ('P00118','CDG7',5,1,'P');
INSERT INTO  "Production".Process (processid, lotid, lineid, sequence, status) VALUES ('P00119','CDG7',5,3,'S');
INSERT INTO  "Production".Process (processid, lotid, lineid, sequence, status) VALUES ('P00120','CSCA',1,2,'P');
INSERT INTO  "Production".Process (processid, lotid, lineid, sequence, status) VALUES ('P00121','CSCA',6,1,'S');
INSERT INTO  "Production".Process (processid, lotid, lineid, sequence, status) VALUES ('P00122','CSCA',6,5,'P');
INSERT INTO  "Production".Process (processid, lotid, lineid, sequence, status) VALUES ('P00123','CSCA',8,1,'S');
INSERT INTO  "Production".Process (processid, lotid, lineid, sequence, status) VALUES ('P00124','CSCA',8,2,'P');
INSERT INTO  "Production".Process (processid, lotid, lineid, sequence, status) VALUES ('P00125','CSCA',8,4,'F');
INSERT INTO  "Production".Process (processid, lotid, lineid, sequence, status) VALUES ('P00126','DCKF',10,1,'S');
INSERT INTO  "Production".Process (processid, lotid, lineid, sequence, status) VALUES ('P00127','DCKF',10,2,'P');
INSERT INTO  "Production".Process (processid, lotid, lineid, sequence, status) VALUES ('P00128','DCKF',10,3,'P');
INSERT INTO  "Production".Process (processid, lotid, lineid, sequence, status) VALUES ('P00129','DCKF',10,4,'F');
INSERT INTO  "Production".Process (processid, lotid, lineid, sequence, status) VALUES ('P00130','DCKF',10,5,'F');
INSERT INTO  "Production".Process (processid, lotid, lineid, sequence, status) VALUES ('P00131','DCKF',10,6,'F');
INSERT INTO  "Production".Process (processid, lotid, lineid, sequence, status) VALUES ('P00132','DCKF',10,7,'F');
INSERT INTO  "Production".Process (processid, lotid, lineid, sequence, status) VALUES ('P00133','DCKF',10,8,'F');
INSERT INTO  "Production".Process (processid, lotid, lineid, sequence, status) VALUES ('P00134','DDZ0',7,1,'S');
INSERT INTO  "Production".Process (processid, lotid, lineid, sequence, status) VALUES ('P00135','DDZ0',7,2,'P');
INSERT INTO  "Production".Process (processid, lotid, lineid, sequence, status) VALUES ('P00136','DDZ0',7,1,'P');
INSERT INTO  "Production".Process (processid, lotid, lineid, sequence, status) VALUES ('P00137','DDZ0',8,4,'S');
INSERT INTO  "Production".Process (processid, lotid, lineid, sequence, status) VALUES ('P00138','DDZ0',7,5,'F');
INSERT INTO  "Production".Process (processid, lotid, lineid, sequence, status) VALUES ('P00139','DKCD',4,1,'S');
INSERT INTO  "Production".Process (processid, lotid, lineid, sequence, status) VALUES ('P00140','DKCD',4,3,'P');
INSERT INTO  "Production".Process (processid, lotid, lineid, sequence, status) VALUES ('P00141','DKCD',4,5,'F');
INSERT INTO  "Production".Process (processid, lotid, lineid, sequence, status) VALUES ('P00142','EK9W',3,1,'S');
INSERT INTO  "Production".Process (processid, lotid, lineid, sequence, status) VALUES ('P00143','EK9W',3,1,'P');
INSERT INTO  "Production".Process (processid, lotid, lineid, sequence, status) VALUES ('P00144','EK9W',5,1,'S');
INSERT INTO  "Production".Process (processid, lotid, lineid, sequence, status) VALUES ('P00145','EK9W',5,2,'S');
INSERT INTO  "Production".Process (processid, lotid, lineid, sequence, status) VALUES ('P00146','EK9W',5,5,'S');
INSERT INTO  "Production".Process (processid, lotid, lineid, sequence, status) VALUES ('P00147','EK9W',5,4,'P');
INSERT INTO  "Production".Process (processid, lotid, lineid, sequence, status) VALUES ('P00148','F78W',9,1,'S');
INSERT INTO  "Production".Process (processid, lotid, lineid, sequence, status) VALUES ('P00149','F78W',9,2,'P');
INSERT INTO  "Production".Process (processid, lotid, lineid, sequence, status) VALUES ('P00150','F78W',9,3,'F');
INSERT INTO  "Production".Process (processid, lotid, lineid, sequence, status) VALUES ('P00151','F78W',9,4,'F');
INSERT INTO  "Production".Process (processid, lotid, lineid, sequence, status) VALUES ('P00152','F78W',9,5,'F');
INSERT INTO  "Production".Process (processid, lotid, lineid, sequence, status) VALUES ('P00153','F78W',9,6,'F');
INSERT INTO  "Production".Process (processid, lotid, lineid, sequence, status) VALUES ('P00154','F78W',9,7,'F');
INSERT INTO  "Production".Process (processid, lotid, lineid, sequence, status) VALUES ('P00155','F78W',9,8,'F');
INSERT INTO  "Production".Process (processid, lotid, lineid, sequence, status) VALUES ('P00156','FEOO',4,2,'S');
INSERT INTO  "Production".Process (processid, lotid, lineid, sequence, status) VALUES ('P00157','FEOO',4,6,'P');
INSERT INTO  "Production".Process (processid, lotid, lineid, sequence, status) VALUES ('P00158','FEOO',2,1,'S');
INSERT INTO  "Production".Process (processid, lotid, lineid, sequence, status) VALUES ('P00159','FEOO',2,4,'P');
INSERT INTO  "Production".Process (processid, lotid, lineid, sequence, status) VALUES ('P00160','FEOO',2,2,'F');
INSERT INTO  "Production".Process (processid, lotid, lineid, sequence, status) VALUES ('P00161','FEOO',2,4,'F');
INSERT INTO  "Production".Process (processid, lotid, lineid, sequence, status) VALUES ('P00162','GQ8Q',5,3,'S');
INSERT INTO  "Production".Process (processid, lotid, lineid, sequence, status) VALUES ('P00163','GQ8Q',5,1,'S');
INSERT INTO  "Production".Process (processid, lotid, lineid, sequence, status) VALUES ('P00164','GQ8Q',5,4,'P');
INSERT INTO  "Production".Process (processid, lotid, lineid, sequence, status) VALUES ('P00165','GQ8Q',5,1,'P');
INSERT INTO  "Production".Process (processid, lotid, lineid, sequence, status) VALUES ('P00166','GQ8Q',5,1,'F');
INSERT INTO  "Production".Process (processid, lotid, lineid, sequence, status) VALUES ('P00167','GQ8Q',5,2,'S');
INSERT INTO  "Production".Process (processid, lotid, lineid, sequence, status) VALUES ('P00168','GQ8Q',5,1,'F');
INSERT INTO  "Production".Process (processid, lotid, lineid, sequence, status) VALUES ('P00169','GQ8Q',5,1,'F');
INSERT INTO  "Production".Process (processid, lotid, lineid, sequence, status) VALUES ('P00170','GQ8Q',5,3,'P');
INSERT INTO  "Production".Process (processid, lotid, lineid, sequence, status) VALUES ('P00171','GQ8Q',5,4,'P');
INSERT INTO  "Production".Process (processid, lotid, lineid, sequence, status) VALUES ('P00172','GQ8Q',5,4,'F');
INSERT INTO  "Production".Process (processid, lotid, lineid, sequence, status) VALUES ('P00173','GURD',1,1,'S');
INSERT INTO  "Production".Process (processid, lotid, lineid, sequence, status) VALUES ('P00174','GURD',10,3,'S');
INSERT INTO  "Production".Process (processid, lotid, lineid, sequence, status) VALUES ('P00175','GURD',10,3,'P');
INSERT INTO  "Production".Process (processid, lotid, lineid, sequence, status) VALUES ('P00176','GURD',10,4,'S');
INSERT INTO  "Production".Process (processid, lotid, lineid, sequence, status) VALUES ('P00177','GURD',9,1,'S');
INSERT INTO  "Production".Process (processid, lotid, lineid, sequence, status) VALUES ('P00178','GZCA',7,1,'S');
INSERT INTO  "Production".Process (processid, lotid, lineid, sequence, status) VALUES ('P00179','GZCA',8,1,'S');
INSERT INTO  "Production".Process (processid, lotid, lineid, sequence, status) VALUES ('P00180','GZCA',7,6,'S');
INSERT INTO  "Production".Process (processid, lotid, lineid, sequence, status) VALUES ('P00181','GZCA',7,6,'P');
INSERT INTO  "Production".Process (processid, lotid, lineid, sequence, status) VALUES ('P00182','GZCA',7,1,'P');
INSERT INTO  "Production".Process (processid, lotid, lineid, sequence, status) VALUES ('P00183','GZCA',7,4,'S');
INSERT INTO  "Production".Process (processid, lotid, lineid, sequence, status) VALUES ('P00184','H7JH',5,1,'S');
INSERT INTO  "Production".Process (processid, lotid, lineid, sequence, status) VALUES ('P00185','H7JH',5,1,'P');
INSERT INTO  "Production".Process (processid, lotid, lineid, sequence, status) VALUES ('P00186','H7JH',5,3,'S');
INSERT INTO  "Production".Process (processid, lotid, lineid, sequence, status) VALUES ('P00187','H7JH',5,1,'F');
INSERT INTO  "Production".Process (processid, lotid, lineid, sequence, status) VALUES ('P00188','H7JH',5,5,'S');
INSERT INTO  "Production".Process (processid, lotid, lineid, sequence, status) VALUES ('P00189','H7JH',5,6,'S');
INSERT INTO  "Production".Process (processid, lotid, lineid, sequence, status) VALUES ('P00190','H7JH',5,3,'P');
INSERT INTO  "Production".Process (processid, lotid, lineid, sequence, status) VALUES ('P00191','H7JH',5,1,'F');
INSERT INTO  "Production".Process (processid, lotid, lineid, sequence, status) VALUES ('P00192','HTD4',1,6,'S');
INSERT INTO  "Production".Process (processid, lotid, lineid, sequence, status) VALUES ('P00193','HTD4',6,1,'S');
INSERT INTO  "Production".Process (processid, lotid, lineid, sequence, status) VALUES ('P00194','HTD4',2,4,'S');
INSERT INTO  "Production".Process (processid, lotid, lineid, sequence, status) VALUES ('P00195','HTD4',6,1,'P');
INSERT INTO  "Production".Process (processid, lotid, lineid, sequence, status) VALUES ('P00196','HTD4',2,2,'P');
INSERT INTO  "Production".Process (processid, lotid, lineid, sequence, status) VALUES ('P00197','HXKS',1,1,'F');
INSERT INTO  "Production".Process (processid, lotid, lineid, sequence, status) VALUES ('P00198','HXKS',2,3,'P');
INSERT INTO  "Production".Process (processid, lotid, lineid, sequence, status) VALUES ('P00199','HXKS',1,4,'F');
INSERT INTO  "Production".Process (processid, lotid, lineid, sequence, status) VALUES ('P00200','HXKS',2,1,'P');
INSERT INTO  "Production".Process (processid, lotid, lineid, sequence, status) VALUES ('P00201','HXKS',1,6,'F');
INSERT INTO  "Production".Process (processid, lotid, lineid, sequence, status) VALUES ('P00202','HXKS',2,1,'F');
INSERT INTO  "Production".Process (processid, lotid, lineid, sequence, status) VALUES ('P00203','I3ZE',6,1,'S');
INSERT INTO  "Production".Process (processid, lotid, lineid, sequence, status) VALUES ('P00204','I3ZE',6,2,'S');
INSERT INTO  "Production".Process (processid, lotid, lineid, sequence, status) VALUES ('P00205','I3ZE',6,1,'P');
INSERT INTO  "Production".Process (processid, lotid, lineid, sequence, status) VALUES ('P00206','I3ZE',6,1,'F');
INSERT INTO  "Production".Process (processid, lotid, lineid, sequence, status) VALUES ('P00207','I3ZE',6,4,'F');
INSERT INTO  "Production".Process (processid, lotid, lineid, sequence, status) VALUES ('P00208','I3ZE',6,1,'F');
INSERT INTO  "Production".Process (processid, lotid, lineid, sequence, status) VALUES ('P00209','I3ZE',6,3,'F');
INSERT INTO  "Production".Process (processid, lotid, lineid, sequence, status) VALUES ('P00210','I3ZE',5,2,'S');
INSERT INTO  "Production".Process (processid, lotid, lineid, sequence, status) VALUES ('P00211','I7H3',1,1,'S');
INSERT INTO  "Production".Process (processid, lotid, lineid, sequence, status) VALUES ('P00212','I7H3',2,5,'S');
INSERT INTO  "Production".Process (processid, lotid, lineid, sequence, status) VALUES ('P00213','I7H3',3,6,'S');
INSERT INTO  "Production".Process (processid, lotid, lineid, sequence, status) VALUES ('P00214','IIVZ',4,1,'S');
INSERT INTO  "Production".Process (processid, lotid, lineid, sequence, status) VALUES ('P00215','IIVZ',4,6,'P');
INSERT INTO  "Production".Process (processid, lotid, lineid, sequence, status) VALUES ('P00216','IIVZ',4,1,'P');
INSERT INTO  "Production".Process (processid, lotid, lineid, sequence, status) VALUES ('P00217','IIVZ',4,2,'P');
INSERT INTO  "Production".Process (processid, lotid, lineid, sequence, status) VALUES ('P00218','IIVZ',4,1,'F');
INSERT INTO  "Production".Process (processid, lotid, lineid, sequence, status) VALUES ('P00219','IIVZ',4,5,'F');
INSERT INTO  "Production".Process (processid, lotid, lineid, sequence, status) VALUES ('P00220','IIVZ',4,1,'F');
INSERT INTO  "Production".Process (processid, lotid, lineid, sequence, status) VALUES ('P00221','IIVZ',4,3,'F');
INSERT INTO  "Production".Process (processid, lotid, lineid, sequence, status) VALUES ('P00222','IWOE',10,1,'S');
INSERT INTO  "Production".Process (processid, lotid, lineid, sequence, status) VALUES ('P00223','IWOE',10,2,'S');
INSERT INTO  "Production".Process (processid, lotid, lineid, sequence, status) VALUES ('P00224','IWOE',10,1,'P');
INSERT INTO  "Production".Process (processid, lotid, lineid, sequence, status) VALUES ('P00225','IWOE',10,1,'F');
INSERT INTO  "Production".Process (processid, lotid, lineid, sequence, status) VALUES ('P00226','IWOE',9,3,'S');
INSERT INTO  "Production".Process (processid, lotid, lineid, sequence, status) VALUES ('P00227','IWOE',10,6,'F');
INSERT INTO  "Production".Process (processid, lotid, lineid, sequence, status) VALUES ('P00228','IWOE',9,5,'S');
INSERT INTO  "Production".Process (processid, lotid, lineid, sequence, status) VALUES ('P00229','IWOE',10,4,'F');
INSERT INTO  "Production".Process (processid, lotid, lineid, sequence, status) VALUES ('P00230','JT53',7,1,'S');
INSERT INTO  "Production".Process (processid, lotid, lineid, sequence, status) VALUES ('P00231','JT53',7,2,'P');
INSERT INTO  "Production".Process (processid, lotid, lineid, sequence, status) VALUES ('P00232','JT53',4,1,'S');
INSERT INTO  "Production".Process (processid, lotid, lineid, sequence, status) VALUES ('P00233','JT53',4,3,'P');
INSERT INTO  "Production".Process (processid, lotid, lineid, sequence, status) VALUES ('P00234','JT53',7,5,'P');
INSERT INTO  "Production".Process (processid, lotid, lineid, sequence, status) VALUES ('P00235','JT53',4,1,'P');
INSERT INTO  "Production".Process (processid, lotid, lineid, sequence, status) VALUES ('P00236','JT53',7,1,'F');
INSERT INTO  "Production".Process (processid, lotid, lineid, sequence, status) VALUES ('P00237','JT53',4,3,'F');
INSERT INTO  "Production".Process (processid, lotid, lineid, sequence, status) VALUES ('P00238','JVJ6',6,1,'S');
INSERT INTO  "Production".Process (processid, lotid, lineid, sequence, status) VALUES ('P00239','JVJ6',9,5,'S');
INSERT INTO  "Production".Process (processid, lotid, lineid, sequence, status) VALUES ('P00240','JVJ6',9,1,'P');
INSERT INTO  "Production".Process (processid, lotid, lineid, sequence, status) VALUES ('P00241','JVJ6',6,2,'P');
INSERT INTO  "Production".Process (processid, lotid, lineid, sequence, status) VALUES ('P00242','JVJ6',9,1,'F');
INSERT INTO  "Production".Process (processid, lotid, lineid, sequence, status) VALUES ('P00243','JVJ6',6,4,'P');
INSERT INTO  "Production".Process (processid, lotid, lineid, sequence, status) VALUES ('P00244','JVJ6',6,1,'F');
INSERT INTO  "Production".Process (processid, lotid, lineid, sequence, status) VALUES ('P00245','KOO3',3,3,'S');
INSERT INTO  "Production".Process (processid, lotid, lineid, sequence, status) VALUES ('P00246','KOO3',5,1,'S');
INSERT INTO  "Production".Process (processid, lotid, lineid, sequence, status) VALUES ('P00247','KOO3',3,1,'P');
INSERT INTO  "Production".Process (processid, lotid, lineid, sequence, status) VALUES ('P00248','KOO3',3,1,'F');
INSERT INTO  "Production".Process (processid, lotid, lineid, sequence, status) VALUES ('P00249','KOO3',5,5,'P');
INSERT INTO  "Production".Process (processid, lotid, lineid, sequence, status) VALUES ('P00250','KOO3',5,6,'P');
INSERT INTO  "Production".Process (processid, lotid, lineid, sequence, status) VALUES ('P00251','KOO3',5,1,'F');
INSERT INTO  "Production".Process (processid, lotid, lineid, sequence, status) VALUES ('P00252','KOO3',3,1,'P');
INSERT INTO  "Production".Process (processid, lotid, lineid, sequence, status) VALUES ('P00253','KOO3',3,1,'P');
INSERT INTO  "Production".Process (processid, lotid, lineid, sequence, status) VALUES ('P00254','KOO3',3,2,'F');
INSERT INTO  "Production".Process (processid, lotid, lineid, sequence, status) VALUES ('P00255','KOO3',5,5,'F');
INSERT INTO  "Production".Process (processid, lotid, lineid, sequence, status) VALUES ('P00256','KOO3',5,4,'F');
INSERT INTO  "Production".Process (processid, lotid, lineid, sequence, status) VALUES ('P00257','LFAU',7,1,'F');
INSERT INTO  "Production".Process (processid, lotid, lineid, sequence, status) VALUES ('P00258','LFAU',7,3,'P');
INSERT INTO  "Production".Process (processid, lotid, lineid, sequence, status) VALUES ('P00259','LFAU',7,4,'F');
INSERT INTO  "Production".Process (processid, lotid, lineid, sequence, status) VALUES ('P00260','LFAU',8,1,'S');
INSERT INTO  "Production".Process (processid, lotid, lineid, sequence, status) VALUES ('P00261','LFAU',8,6,'P');
INSERT INTO  "Production".Process (processid, lotid, lineid, sequence, status) VALUES ('P00262','LFAU',8,1,'P');
INSERT INTO  "Production".Process (processid, lotid, lineid, sequence, status) VALUES ('P00263','LFAU',8,2,'P');
INSERT INTO  "Production".Process (processid, lotid, lineid, sequence, status) VALUES ('P00264','LFAU',8,3,'F');
INSERT INTO  "Production".Process (processid, lotid, lineid, sequence, status) VALUES ('P00265','LFAU',8,4,'F');
INSERT INTO  "Production".Process (processid, lotid, lineid, sequence, status) VALUES ('P00266','LFAU',8,5,'F');
INSERT INTO  "Production".Process (processid, lotid, lineid, sequence, status) VALUES ('P00277','M2K6',3,2,'S');
INSERT INTO  "Production".Process (processid, lotid, lineid, sequence, status) VALUES ('P00278','M2K6',8,2,'S');
INSERT INTO  "Production".Process (processid, lotid, lineid, sequence, status) VALUES ('P00279','M2K6',10,4,'S');
INSERT INTO  "Production".Process (processid, lotid, lineid, sequence, status) VALUES ('P00280','M2K6',3,5,'P');
INSERT INTO  "Production".Process (processid, lotid, lineid, sequence, status) VALUES ('P00281','M2K6',8,6,'S');
INSERT INTO  "Production".Process (processid, lotid, lineid, sequence, status) VALUES ('P00281','M2K6',10,1,'P');
INSERT INTO  "Production".Process (processid, lotid, lineid, sequence, status) VALUES ('P00282','M2K6',3,1,'P');
INSERT INTO  "Production".Process (processid, lotid, lineid, sequence, status) VALUES ('P00283','M2K6',8,2,'F');
INSERT INTO  "Production".Process (processid, lotid, lineid, sequence, status) VALUES ('P00284','M2K6',10,3,'F');
INSERT INTO  "Production".Process (processid, lotid, lineid, sequence, status) VALUES ('P00285','M2K6',3,1,'F');
INSERT INTO  "Production".Process (processid, lotid, lineid, sequence, status) VALUES ('P00286','M2K6',8,1,'F');
INSERT INTO  "Production".Process (processid, lotid, lineid, sequence, status) VALUES ('P00287','MD9Y',1,1,'S');
INSERT INTO  "Production".Process (processid, lotid, lineid, sequence, status) VALUES ('P00288','MD9Y',10,1,'S');
INSERT INTO  "Production".Process (processid, lotid, lineid, sequence, status) VALUES ('P00289','MD9Y',10,2,'P');
INSERT INTO  "Production".Process (processid, lotid, lineid, sequence, status) VALUES ('P00290','MD9Y',10,3,'F');
INSERT INTO  "Production".Process (processid, lotid, lineid, sequence, status) VALUES ('P00291','MMYW',1,1,'S');
INSERT INTO  "Production".Process (processid, lotid, lineid, sequence, status) VALUES ('P00292','MMYW',5,1,'S');
INSERT INTO  "Production".Process (processid, lotid, lineid, sequence, status) VALUES ('P00293','MMYW',1,2,'S');
INSERT INTO  "Production".Process (processid, lotid, lineid, sequence, status) VALUES ('P00294','MMYW',5,1,'P');
INSERT INTO  "Production".Process (processid, lotid, lineid, sequence, status) VALUES ('P00295','MMYW',5,2,'F');
INSERT INTO  "Production".Process (processid, lotid, lineid, sequence, status) VALUES ('P00296','MMYW',1,3,'P');
INSERT INTO  "Production".Process (processid, lotid, lineid, sequence, status) VALUES ('P00297','MNHA',3,6,'S');
INSERT INTO  "Production".Process (processid, lotid, lineid, sequence, status) VALUES ('P00298','MNHA',3,5,'P');
INSERT INTO  "Production".Process (processid, lotid, lineid, sequence, status) VALUES ('P00299','MNHA',3,1,'P');
INSERT INTO  "Production".Process (processid, lotid, lineid, sequence, status) VALUES ('P00300','MNHA',3,1,'F');
INSERT INTO  "Production".Process (processid, lotid, lineid, sequence, status) VALUES ('P00301','MNHA',3,2,'F');
INSERT INTO  "Production".Process (processid, lotid, lineid, sequence, status) VALUES ('P00302','MNHA',9,1,'S');
INSERT INTO  "Production".Process (processid, lotid, lineid, sequence, status) VALUES ('P00303','MNHA',3,1,'F');
INSERT INTO  "Production".Process (processid, lotid, lineid, sequence, status) VALUES ('P00304','MNHA',3,2,'F');
INSERT INTO  "Production".Process (processid, lotid, lineid, sequence, status) VALUES ('P00305','MNHA',3,1,'F');
INSERT INTO  "Production".Process (processid, lotid, lineid, sequence, status) VALUES ('P00306','MNHA',9,3,'P');
INSERT INTO  "Production".Process (processid, lotid, lineid, sequence, status) VALUES ('P00307','MNHA',9,4,'P');
INSERT INTO  "Production".Process (processid, lotid, lineid, sequence, status) VALUES ('P00308','MNHA',9,4,'F');
INSERT INTO  "Production".Process (processid, lotid, lineid, sequence, status) VALUES ('P00309','MNHA',3,1,'F');
INSERT INTO  "Production".Process (processid, lotid, lineid, sequence, status) VALUES ('P00310','MWVU',2,1,'S');
INSERT INTO  "Production".Process (processid, lotid, lineid, sequence, status) VALUES ('P00311','MWVU',2,1,'P');
INSERT INTO  "Production".Process (processid, lotid, lineid, sequence, status) VALUES ('P00312','MWVU',6,1,'S');
INSERT INTO  "Production".Process (processid, lotid, lineid, sequence, status) VALUES ('P00313','MWVU',6,1,'P');
INSERT INTO  "Production".Process (processid, lotid, lineid, sequence, status) VALUES ('P00314','MWVU',6,1,'F');
INSERT INTO  "Production".Process (processid, lotid, lineid, sequence, status) VALUES ('P00315','NFN8',7,1,'S');
INSERT INTO  "Production".Process (processid, lotid, lineid, sequence, status) VALUES ('P00316','NFN8',7,1,'P');
INSERT INTO  "Production".Process (processid, lotid, lineid, sequence, status) VALUES ('P00317','NFN8',8,3,'S');
INSERT INTO  "Production".Process (processid, lotid, lineid, sequence, status) VALUES ('P00318','NFN8',8,3,'F');
INSERT INTO  "Production".Process (processid, lotid, lineid, sequence, status) VALUES ('P00319','NY9N',1,1,'S');
INSERT INTO  "Production".Process (processid, lotid, lineid, sequence, status) VALUES ('P00320','NY9N',10,3,'S');
INSERT INTO  "Production".Process (processid, lotid, lineid, sequence, status) VALUES ('P00321','NY9N',1,1,'P');
INSERT INTO  "Production".Process (processid, lotid, lineid, sequence, status) VALUES ('P00322','OI16',5,1,'S');
INSERT INTO  "Production".Process (processid, lotid, lineid, sequence, status) VALUES ('P00323','OI16',5,3,'P');
INSERT INTO  "Production".Process (processid, lotid, lineid, sequence, status) VALUES ('P00324','OI16',9,1,'S');
INSERT INTO  "Production".Process (processid, lotid, lineid, sequence, status) VALUES ('P00325','P4A1',10,1,'S');
INSERT INTO  "Production".Process (processid, lotid, lineid, sequence, status) VALUES ('P00326','P4A1',10,2,'P');
INSERT INTO  "Production".Process (processid, lotid, lineid, sequence, status) VALUES ('P00327','P4A1',10,3,'F');
INSERT INTO  "Production".Process (processid, lotid, lineid, sequence, status) VALUES ('P00328','PBB9',2,1,'P');
INSERT INTO  "Production".Process (processid, lotid, lineid, sequence, status) VALUES ('P00329','PBB9',4,1,'S');
INSERT INTO  "Production".Process (processid, lotid, lineid, sequence, status) VALUES ('P00330','PBB9',2,5,'S');
INSERT INTO  "Production".Process (processid, lotid, lineid, sequence, status) VALUES ('P00331','PBB9',4,6,'S');
INSERT INTO  "Production".Process (processid, lotid, lineid, sequence, status) VALUES ('P00332','PBB9',4,6,'P');
INSERT INTO  "Production".Process (processid, lotid, lineid, sequence, status) VALUES ('P00333','PBB9',4,3,'F');
INSERT INTO  "Production".Process (processid, lotid, lineid, sequence, status) VALUES ('P00334','PS4A',7,5,'S');
INSERT INTO  "Production".Process (processid, lotid, lineid, sequence, status) VALUES ('P00335','PS4A',10,4,'S');
INSERT INTO  "Production".Process (processid, lotid, lineid, sequence, status) VALUES ('P00336','PS4A',10,4,'P');
INSERT INTO  "Production".Process (processid, lotid, lineid, sequence, status) VALUES ('P00337','PS4A',7,2,'P');
INSERT INTO  "Production".Process (processid, lotid, lineid, sequence, status) VALUES ('P00338','PWXM',1,1,'S');
INSERT INTO  "Production".Process (processid, lotid, lineid, sequence, status) VALUES ('P00339','Q6NQ',1,3,'S');
INSERT INTO  "Production".Process (processid, lotid, lineid, sequence, status) VALUES ('P00340','Q6NQ',1,4,'P');
INSERT INTO  "Production".Process (processid, lotid, lineid, sequence, status) VALUES ('P00341','Q6NQ',2,1,'S');
INSERT INTO  "Production".Process (processid, lotid, lineid, sequence, status) VALUES ('P00342','Q6NQ',2,5,'P');
INSERT INTO  "Production".Process (processid, lotid, lineid, sequence, status) VALUES ('P00343','Q6NQ',2,6,'F');
INSERT INTO  "Production".Process (processid, lotid, lineid, sequence, status) VALUES ('P00344','RUJ2',7,3,'S');
INSERT INTO  "Production".Process (processid, lotid, lineid, sequence, status) VALUES ('P00345','RUJ2',7,3,'P');
INSERT INTO  "Production".Process (processid, lotid, lineid, sequence, status) VALUES ('P00346','RUJ2',9,6,'S');
INSERT INTO  "Production".Process (processid, lotid, lineid, sequence, status) VALUES ('P00347','RZF0',1,1,'S');
INSERT INTO  "Production".Process (processid, lotid, lineid, sequence, status) VALUES ('P00348','RZF0',1,3,'P');
INSERT INTO  "Production".Process (processid, lotid, lineid, sequence, status) VALUES ('P00349','RZF0',10,1,'S');
INSERT INTO  "Production".Process (processid, lotid, lineid, sequence, status) VALUES ('P00350','RZF0',10,3,'P');
INSERT INTO  "Production".Process (processid, lotid, lineid, sequence, status) VALUES ('P00351','SCSI',4,2,'S');
INSERT INTO  "Production".Process (processid, lotid, lineid, sequence, status) VALUES ('P00352','SCSI',4,1,'P');
INSERT INTO  "Production".Process (processid, lotid, lineid, sequence, status) VALUES ('P00353','SCSI',4,1,'F');
INSERT INTO  "Production".Process (processid, lotid, lineid, sequence, status) VALUES ('P00354','SCSI',5,4,'S');
INSERT INTO  "Production".Process (processid, lotid, lineid, sequence, status) VALUES ('P00355','SCSI',5,3,'P');
INSERT INTO  "Production".Process (processid, lotid, lineid, sequence, status) VALUES ('P00356','SCSS',6,1,'S');
INSERT INTO  "Production".Process (processid, lotid, lineid, sequence, status) VALUES ('P00357','SCSS',6,2,'P');
INSERT INTO  "Production".Process (processid, lotid, lineid, sequence, status) VALUES ('P00358','SCSS',7,3,'S');
INSERT INTO  "Production".Process (processid, lotid, lineid, sequence, status) VALUES ('P00359','SHN3',8,6,'S');
INSERT INTO  "Production".Process (processid, lotid, lineid, sequence, status) VALUES ('P00360','SHN3',9,6,'S');
INSERT INTO  "Production".Process (processid, lotid, lineid, sequence, status) VALUES ('P00361','SHN3',9,6,'P');
INSERT INTO  "Production".Process (processid, lotid, lineid, sequence, status) VALUES ('P00362','SHN3',9,5,'F');
INSERT INTO  "Production".Process (processid, lotid, lineid, sequence, status) VALUES ('P00363','SHN3',8,4,'P');
INSERT INTO  "Production".Process (processid, lotid, lineid, sequence, status) VALUES ('P00364','SHN3',8,3,'F');
INSERT INTO  "Production".Process (processid, lotid, lineid, sequence, status) VALUES ('P00365','SHOB',2,3,'S');
INSERT INTO  "Production".Process (processid, lotid, lineid, sequence, status) VALUES ('P00366','SHOB',2,1,'P');
INSERT INTO  "Production".Process (processid, lotid, lineid, sequence, status) VALUES ('P00367','SHOB',2,6,'F');
INSERT INTO  "Production".Process (processid, lotid, lineid, sequence, status) VALUES ('P00368','SHOB',3,3,'S');
INSERT INTO  "Production".Process (processid, lotid, lineid, sequence, status) VALUES ('P00369','STFE',4,3,'S');
INSERT INTO  "Production".Process (processid, lotid, lineid, sequence, status) VALUES ('P00370','STFE',5,1,'S');
INSERT INTO  "Production".Process (processid, lotid, lineid, sequence, status) VALUES ('P00371','STFE',5,5,'P');
INSERT INTO  "Production".Process (processid, lotid, lineid, sequence, status) VALUES ('P00372','T3UF',10,1,'S');
INSERT INTO  "Production".Process (processid, lotid, lineid, sequence, status) VALUES ('P00373','T3UF',10,2,'P');
INSERT INTO  "Production".Process (processid, lotid, lineid, sequence, status) VALUES ('P00374','T3UF',10,3,'F');
INSERT INTO  "Production".Process (processid, lotid, lineid, sequence, status) VALUES ('P00375','TGOE',1,4,'S');
INSERT INTO  "Production".Process (processid, lotid, lineid, sequence, status) VALUES ('P00376','TGOE',1,2,'P');
INSERT INTO  "Production".Process (processid, lotid, lineid, sequence, status) VALUES ('P00377','TGOE',6,1,'S');
INSERT INTO  "Production".Process (processid, lotid, lineid, sequence, status) VALUES ('P00378','TMDC',7,1,'S');
INSERT INTO  "Production".Process (processid, lotid, lineid, sequence, status) VALUES ('P00379','TMDC',7,2,'P');
INSERT INTO  "Production".Process (processid, lotid, lineid, sequence, status) VALUES ('P00380','TMDC',7,6,'F');
INSERT INTO  "Production".Process (processid, lotid, lineid, sequence, status) VALUES ('P00381','TMDC',9,4,'S');
INSERT INTO  "Production".Process (processid, lotid, lineid, sequence, status) VALUES ('P00382','TMDC',9,3,'P');
INSERT INTO  "Production".Process (processid, lotid, lineid, sequence, status) VALUES ('P00383','TMH5',4,1,'S');
INSERT INTO  "Production".Process (processid, lotid, lineid, sequence, status) VALUES ('P00384','TMH5',4,1,'P');
INSERT INTO  "Production".Process (processid, lotid, lineid, sequence, status) VALUES ('P00385','TMH5',2,5,'S');
INSERT INTO  "Production".Process (processid, lotid, lineid, sequence, status) VALUES ('P00386','TMH5',4,4,'F');
INSERT INTO  "Production".Process (processid, lotid, lineid, sequence, status) VALUES ('P00387','TMH5',2,6,'P');
INSERT INTO  "Production".Process (processid, lotid, lineid, sequence, status) VALUES ('P00388','TMH5',2,4,'F');
INSERT INTO  "Production".Process (processid, lotid, lineid, sequence, status) VALUES ('P00389','TQPZ',6,3,'S');
INSERT INTO  "Production".Process (processid, lotid, lineid, sequence, status) VALUES ('P00390','TQPZ',8,1,'S');
INSERT INTO  "Production".Process (processid, lotid, lineid, sequence, status) VALUES ('P00391','TQPZ',8,2,'P');
INSERT INTO  "Production".Process (processid, lotid, lineid, sequence, status) VALUES ('P00392','TRI3',3,1,'S');
INSERT INTO  "Production".Process (processid, lotid, lineid, sequence, status) VALUES ('P00393','TRI3',1,4,'S');
INSERT INTO  "Production".Process (processid, lotid, lineid, sequence, status) VALUES ('P00394','TRI3',1,1,'P');
INSERT INTO  "Production".Process (processid, lotid, lineid, sequence, status) VALUES ('P00395','TRI3',3,5,'P');
INSERT INTO  "Production".Process (processid, lotid, lineid, sequence, status) VALUES ('P00396','TRI3',1,6,'F');
INSERT INTO  "Production".Process (processid, lotid, lineid, sequence, status) VALUES ('P00397','TTXM',9,1,'S');
INSERT INTO  "Production".Process (processid, lotid, lineid, sequence, status) VALUES ('P00398','TTXM',10,4,'S');
INSERT INTO  "Production".Process (processid, lotid, lineid, sequence, status) VALUES ('P00399','TTXM',9,1,'P');
INSERT INTO  "Production".Process (processid, lotid, lineid, sequence, status) VALUES ('P00400','TTXM',10,5,'P');
INSERT INTO  "Production".Process (processid, lotid, lineid, sequence, status) VALUES ('P00401','TUQC',1,2,'S');
INSERT INTO  "Production".Process (processid, lotid, lineid, sequence, status) VALUES ('P00402','TUQC',2,1,'S');
INSERT INTO  "Production".Process (processid, lotid, lineid, sequence, status) VALUES ('P00403','TUQC',3,2,'S');
INSERT INTO  "Production".Process (processid, lotid, lineid, sequence, status) VALUES ('P00404','TUQC',4,6,'S');
INSERT INTO  "Production".Process (processid, lotid, lineid, sequence, status) VALUES ('P00405','TUQC',8,1,'S');
INSERT INTO  "Production".Process (processid, lotid, lineid, sequence, status) VALUES ('P00406','U06H',8,1,'S');
INSERT INTO  "Production".Process (processid, lotid, lineid, sequence, status) VALUES ('P00407','U06H',7,6,'S');
INSERT INTO  "Production".Process (processid, lotid, lineid, sequence, status) VALUES ('P00408','U06H',8,5,'P');
INSERT INTO  "Production".Process (processid, lotid, lineid, sequence, status) VALUES ('P00409','U06H',7,4,'S');
INSERT INTO  "Production".Process (processid, lotid, lineid, sequence, status) VALUES ('P00410','URGT',4,3,'S');
INSERT INTO  "Production".Process (processid, lotid, lineid, sequence, status) VALUES ('P00411','URGT',4,5,'P');
INSERT INTO  "Production".Process (processid, lotid, lineid, sequence, status) VALUES ('P00412','URGT',8,1,'S');
INSERT INTO  "Production".Process (processid, lotid, lineid, sequence, status) VALUES ('P00413','URGT',10,3,'S');
INSERT INTO  "Production".Process (processid, lotid, lineid, sequence, status) VALUES ('P00414','URGT',10,4,'P');
INSERT INTO  "Production".Process (processid, lotid, lineid, sequence, status) VALUES ('P00415','UUOI',2,1,'S');
INSERT INTO  "Production".Process (processid, lotid, lineid, sequence, status) VALUES ('P00416','UUOI',2,2,'P');
INSERT INTO  "Production".Process (processid, lotid, lineid, sequence, status) VALUES ('P00417','UUOI',5,1,'S');
INSERT INTO  "Production".Process (processid, lotid, lineid, sequence, status) VALUES ('P00418','UZIV',3,5,'S');
INSERT INTO  "Production".Process (processid, lotid, lineid, sequence, status) VALUES ('P00419','UZIV',8,1,'S');
INSERT INTO  "Production".Process (processid, lotid, lineid, sequence, status) VALUES ('P00420','UZIV',3,5,'P');
INSERT INTO  "Production".Process (processid, lotid, lineid, sequence, status) VALUES ('P00421','UZIV',3,6,'F');
INSERT INTO  "Production".Process (processid, lotid, lineid, sequence, status) VALUES ('P00422','UZIV',8,1,'S');
INSERT INTO  "Production".Process (processid, lotid, lineid, sequence, status) VALUES ('P00423','UZIV',8,3,'P');
INSERT INTO  "Production".Process (processid, lotid, lineid, sequence, status) VALUES ('P00424','V2NH',10,6,'S');
INSERT INTO  "Production".Process (processid, lotid, lineid, sequence, status) VALUES ('P00425','V2NH',7,2,'S');
INSERT INTO  "Production".Process (processid, lotid, lineid, sequence, status) VALUES ('P00426','V2NH',7,2,'P');
INSERT INTO  "Production".Process (processid, lotid, lineid, sequence, status) VALUES ('P00428','V2NH',10,3,'P');
INSERT INTO  "Production".Process (processid, lotid, lineid, sequence, status) VALUES ('P00429','V2NH',10,3,'F');
INSERT INTO  "Production".Process (processid, lotid, lineid, sequence, status) VALUES ('P00430','VCKU',1,2,'S');
INSERT INTO  "Production".Process (processid, lotid, lineid, sequence, status) VALUES ('P00431','VCKU',1,3,'P');
INSERT INTO  "Production".Process (processid, lotid, lineid, sequence, status) VALUES ('P00432','VCKU',4,6,'S');
INSERT INTO  "Production".Process (processid, lotid, lineid, sequence, status) VALUES ('P00433','VNCY',7,1,'S');
INSERT INTO  "Production".Process (processid, lotid, lineid, sequence, status) VALUES ('P00434','VNCY',7,2,'P');
INSERT INTO  "Production".Process (processid, lotid, lineid, sequence, status) VALUES ('P00435','VU4P',2,5,'S');
INSERT INTO  "Production".Process (processid, lotid, lineid, sequence, status) VALUES ('P00436','VU4P',9,4,'S');
INSERT INTO  "Production".Process (processid, lotid, lineid, sequence, status) VALUES ('P00437','X1L5',1,2,'S');
INSERT INTO  "Production".Process (processid, lotid, lineid, sequence, status) VALUES ('P00438','X1L5',8,3,'S');
INSERT INTO  "Production".Process (processid, lotid, lineid, sequence, status) VALUES ('P00439','X1L5',8,6,'P');
INSERT INTO  "Production".Process (processid, lotid, lineid, sequence, status) VALUES ('P00440','X1L5',1,2,'P');
INSERT INTO  "Production".Process (processid, lotid, lineid, sequence, status) VALUES ('P00441','X2YK',3,3,'S');
INSERT INTO  "Production".Process (processid, lotid, lineid, sequence, status) VALUES ('P00442','X2YK',6,2,'S');
INSERT INTO  "Production".Process (processid, lotid, lineid, sequence, status) VALUES ('P00443','X2YK',3,6,'P');
INSERT INTO  "Production".Process (processid, lotid, lineid, sequence, status) VALUES ('P00444','X3XK',10,1,'S');
INSERT INTO  "Production".Process (processid, lotid, lineid, sequence, status) VALUES ('P00445','X9ZG',9,3,'S');
INSERT INTO  "Production".Process (processid, lotid, lineid, sequence, status) VALUES ('P00446','X9ZG',5,5,'S');
INSERT INTO  "Production".Process (processid, lotid, lineid, sequence, status) VALUES ('P00447','X9ZG',9,6,'P');
INSERT INTO  "Production".Process (processid, lotid, lineid, sequence, status) VALUES ('P00448','X9ZG',5,5,'P');
INSERT INTO  "Production".Process (processid, lotid, lineid, sequence, status) VALUES ('P00449','XEXN',2,5,'S');
INSERT INTO  "Production".Process (processid, lotid, lineid, sequence, status) VALUES ('P00450','XEXN',2,6,'P');
INSERT INTO  "Production".Process (processid, lotid, lineid, sequence, status) VALUES ('P00451','XEXN',7,3,'S');
INSERT INTO  "Production".Process (processid, lotid, lineid, sequence, status) VALUES ('P00452','XIGZ',1,6,'S');
INSERT INTO  "Production".Process (processid, lotid, lineid, sequence, status) VALUES ('P00453','XIGZ',1,5,'P');
INSERT INTO  "Production".Process (processid, lotid, lineid, sequence, status) VALUES ('P00454','XIGZ',4,1,'S');
INSERT INTO  "Production".Process (processid, lotid, lineid, sequence, status) VALUES ('P00455','XPVN',7,1,'S');
INSERT INTO  "Production".Process (processid, lotid, lineid, sequence, status) VALUES ('P00456','XPVN',8,2,'S');
INSERT INTO  "Production".Process (processid, lotid, lineid, sequence, status) VALUES ('P00457','Y0FQ',9,4,'S');
INSERT INTO  "Production".Process (processid, lotid, lineid, sequence, status) VALUES ('P00458','Y0FQ',9,5,'P');
INSERT INTO  "Production".Process (processid, lotid, lineid, sequence, status) VALUES ('P00459','YJ1P',10,5,'S');
INSERT INTO  "Production".Process (processid, lotid, lineid, sequence, status) VALUES ('P00460','YJ1P',1,3,'S');
INSERT INTO  "Production".Process (processid, lotid, lineid, sequence, status) VALUES ('P00461','YJ1P',10,4,'P');
INSERT INTO  "Production".Process (processid, lotid, lineid, sequence, status) VALUES ('P00462','YJ1P',1,5,'P');
INSERT INTO  "Production".Process (processid, lotid, lineid, sequence, status) VALUES ('P00463','YJ1P',10,5,'F');
INSERT INTO  "Production".Process (processid, lotid, lineid, sequence, status) VALUES ('P00464','YJ1P',1,5,'F');
INSERT INTO  "Production".Process (processid, lotid, lineid, sequence, status) VALUES ('P00465','YOAH',2,3,'S');
INSERT INTO  "Production".Process (processid, lotid, lineid, sequence, status) VALUES ('P00466','YOAH',2,2,'S');
INSERT INTO  "Production".Process (processid, lotid, lineid, sequence, status) VALUES ('P00467','YOAH',2,5,'P');
INSERT INTO  "Production".Process (processid, lotid, lineid, sequence, status) VALUES ('P00468','YOAH',2,1,'P');
INSERT INTO  "Production".Process (processid, lotid, lineid, sequence, status) VALUES ('P00469','YOAH',2,6,'P');
INSERT INTO  "Production".Process (processid, lotid, lineid, sequence, status) VALUES ('P00470','YOAH',2,1,'F');






















